2018-ar-joy-train-1,منسم يقول لصيدلي\n\nعندك شريط بنادول؟\nقاله:نعم\n\nقاله: شغله خلناا نسمعه\n\nتضحك والا ماتضحك\n\nمافيه راتب الا يوم الخميس 😎🏃😂,joy,0.422
2018-ar-joy-train-2,· بتكبرين ياللي من رضا الأيام جيتي يوم ميلادك فرحة عمر مو تاريخ عابر 💙,joy,0.565
2018-ar-joy-train-3,#هدوء #عمرو دياب #مزاج ❤️❤️❤️❤️❤️,joy,0.438
2018-ar-joy-train-4,سبحان الله #رضى الوالدين له سحر عجيب,joy,0.375
2018-ar-joy-train-5,"الله يرضى عليك. \nبدل متقولي: (عيد سعيد)، قولي: قدَّامك 6 ليالي سعيدة، شدَّ حيلك فيها.",joy,0.438
2018-ar-joy-train-6,”مرحبا هذه تعتبر بداية جديدة وبداية نظيفة تماما أتمنى بأن تكون بداية سعيدة ولطيفة “,joy,0.609
2018-ar-joy-train-7,قصة حب #بهجت و # منيره 😂 😂 #ريح_المدام,joy,0.469
2018-ar-joy-train-8,#لا راحة تعادل راحة ⁧ #صلاة_الفجر ⁩ #رضا داخلي و انشراح صدري لا مثيل له اللهم أعنا على قيامها دوما,joy,0.469
2018-ar-joy-train-9,اتمنى من الهلاليين ان يفرحو ببطولتهم دون الاساءه للاخرين معا لنعيد الدروس الهلاليه في طريقة الافراح الملكية المميزه 💙 💙,joy,0.435
2018-ar-joy-train-10,فيه صداقه تغني عن حب صدقوني #شوق,joy,0.328
2018-ar-joy-train-11,ما بين الحب والكره فى 200 احساس لا هما حب ولا هما كره #أفراح_القبه,joy,0.266
2018-ar-joy-train-12,"لا يجتمع في القلب نقيضان ""القرآن والموسيقى"" إن كنت تبحث عن السعادة فستجدها في القرب من الله راجع قلبك❤ #حفله_عبدالمجيد_عبدالله_في_الكويت",joy,0.5
2018-ar-joy-train-13,⚽ 🏃 ⚽ #متحمس كتير #مدريدي لا تكلمني 💪 #يارب_نفووز 😎 ☺ #حماسة,joy,0.484
2018-ar-joy-train-14,@Glll_9 تسلملي عيونج 😘,joy,0.339
2018-ar-joy-train-15,صباحووو يا حلوووين 😍✊\nبدنا نلعب لعبةة يلي قدها يعلق 😉😜\n#حنين ☺,joy,0.5
2018-ar-joy-train-16,حبيبت قلبى انتي من يزعل منك بس نمازحك 💔 😂,joy,0.406
2018-ar-joy-train-17,و من اول بكره تبدء قاعات الافراح و مواكب الزفاف زواج سعيد لهم بأمر الله في موسم التكاثر #داود,joy,0.547
2018-ar-joy-train-18,🍃🕊\nحان وقت الأماني \nفاسألوا الله ما شئتم \nساعة استجابة \nابعثوا ما بخواطركم إلى السماء \nو اذكروني بدعوه معاكم,joy,0.375
2018-ar-joy-train-19,"خلك كتّوم واخفي همك بضحكة\nالله عٓطى، والله اخذ والله كريم..\n#قروب_المغرد_العماني \n#قروب_سما_عمان \n#نخبة_مغردي_عُمان",joy,0.359
2018-ar-joy-train-20,قال تعالى: قل إن الأمر كله لله #راحة,joy,0.406
2018-ar-joy-train-21,#اللهم أرزقها #سعادة لاتنتهي وراحة #بال لاتنجلي وأغمر قلبهاا #فرحاا وروحها #سكينة وحقق لها كل #ماتتمني وبارك لها فيه 🙏 🙏 🌙,joy,0.781
2018-ar-joy-train-22,ده انت الأمل في العيون.. و النشوة ساعة الجنون❤,joy,0.726
2018-ar-joy-train-23,الأولاد هم بهجة البيوت ومصدر حرارتها نبعث حياة البيت بمرحها وأصواتها وتتلون الحياة بمراحل أعمارها ومطالبها وتنشغل القلوب والعقول باهتماماته,joy,0.661
2018-ar-joy-train-24,#السعادة قناعتك ورضاك بما تملك وليست فيما تملك #صباحكم_سعادة و #قناعة,joy,0.742
2018-ar-joy-train-25,البسطاء يمتلكون أرواح نادره جداتجدهم بمظهر متواضع لكنهم بمحتوى باهض وراقي ينعمون بهدوء النفس لأنهم يمتلكون كنزالقناعة #سنام_المجد_للدعم,joy,0.25
2018-ar-joy-train-26,لبعض الإشتياق لذة بنكهة فريدة ؛ من طيب من نشتاقه 😊 #حنين,joy,0.453
2018-ar-joy-train-27,هه #خفيف,joy,0.234
2018-ar-joy-train-28,معاك الحياة دائماً تحاصرني بالفرح والرضا\nكأنها ملزومه تضم قلبي وأنتِ معاي.,joy,0.703
2018-ar-joy-train-29,حمدالله ع راحه البال الي قع اعيشها هالفتره❤️ 💕,joy,0.578
2018-ar-joy-train-30,مو أحياناً إلا دايماً\nضِحكتك جبْر خاطر.,joy,0.188
2018-ar-joy-train-31,صلاة الفجر ابتسامةالسعداء وطمأنينة الروح وعشق الأنقياء لركعتين يرون بها نعيم الجنة,joy,0.672
2018-ar-joy-train-32,السلام عليكم صباح الخير سعادة الدكتور عبداللة اشكركم على جهودكم لتوعيتنا واهتمامكم فينا كابناكم #فرحتي_بنجاحي,joy,0.662
2018-ar-joy-train-33,ايه الحاجه اللي لو حصلتك دلوقتي تخليك #سعيد,joy,0.328
2018-ar-joy-train-34,@mo7mdbassam انا اعتقد لو تشوف منظر الدار حتقول كلمة مزبلة قليله 😅\nلا عرفت عمين تركن 💃😇🙈,joy,0.25
2018-ar-joy-train-35,@NOOO_NO_NO مااقدر اسهى عنه \nبالفرح احس بغصه لأنه مو معنا,joy,0.219
2018-ar-joy-train-36,الشعور المتبادل بين قلبين بتحسه لما تحس ان فيه حاجة مغطياك او حضناك كدة 💔,joy,0.5
2018-ar-joy-train-37,قلبي يحب اهل النفوس الخفيفه \nاللي بهم عن جاير الوقت تخفيف \nاللي ليا جيتهم وهموم قلبي كليفه \nخلوني اسج عن جميع المواليف,joy,0.359
2018-ar-joy-train-38,إذا قال الله للعبد اناعفيت عنك يا عبدي قم وانهض من جديد لذكري واستقبل القبلة وصلي اي فرح من بعد هالفرحة انتظر واي خوف اخاف انا ف #امان_الله,joy,0.547
2018-ar-joy-train-39,#حيوية_الربيع على طول خلك ماشي 🏃,joy,0.391
2018-ar-joy-train-40,يـارب هالفجر جايب معاه كل خير وسعاده وتوفيق يارب آختبار آجمل مما نتوقع استودعنا كٌل شي عندك وانتّ خير حفيظ 💌🎈.,joy,0.613
2018-ar-joy-train-41,الحمدلله اذا حسيت اني مرضيه ربي احس بسعاده داخليه ليت اللذي بيني وبين الله عامر واالذي بيني وبين الناس خراب,joy,0.391
2018-ar-joy-train-42,أن تحبيني أنتِ مخيره لا مجبره 😁 \nأن تحترميني فأنتِ مجبره لا مخيره 😀 .,joy,0.141
2018-ar-joy-train-43,@formy1239 @6na_shmr @iraq_1981 ههههه سلم على عياك اختنا.     احبك الله واسعدك واسكن في قلبك الطمأنينه,joy,0.563
2018-ar-joy-train-44,- اللهم إن نستودعك دعواتنا المتكررة أحلامنا الكثيرة أمانينا المخبأة في قلوبنا راحة بالنا وصفاء ذهننا 💙 💙,joy,0.547
2018-ar-joy-train-45,@abaadiiii  القهوة طعمها مر  😀,joy,0.125
2018-ar-joy-train-46,البرشلوني يشجع اليوفي يعني متعاطف مع بوفون ساتر حقده على الريال بإدعاء حب بوفون صايدينك #يالفلم,joy,0.188
2018-ar-joy-train-47,المشكله انه يضحك من قلب يعني مرره الضحكه قويه 💔,joy,0.484
2018-ar-joy-train-48,ليس هناك طريق للسعادة السعادة هي الطريق #سعادة #اعمل_بحب #لا_تستسلم,joy,0.516
2018-ar-joy-train-49,لسة فى أمل 😄\nطالما التفاؤل موجود 😊\nلعله خير ^_^,joy,0.453
2018-ar-joy-train-50,كسم خفة رامز جلال ههه خالص,joy,0.25
2018-ar-joy-train-51,تصبحون على #أمل ﻻ يمل و #تفاؤل ﻻ يضعف و #إصرار ﻻ يقهر و #سعادة ﻻ تفارق قلوبكم و تسكن به ما حييتم 💝,joy,0.661
2018-ar-joy-train-52,انا حظي في الفوز قليل بس بشارك معاكم من احلى ماتذوقة تورتيلا الدجاج من لذيذ #احتفالات_هرفي,joy,0.25
2018-ar-joy-train-53,وأعشقُ الصبحَ اذا تسري نسائمهُ\nتعيدُ في كل روحٍ .. بسمة الأملِ\n.\nلنآ مع الصبحُ .. أمالٌ نرجيهآ\nونسألُ اللهِ فيهِ صالحَ العملِ\n.\nصباح الخير💭💜,joy,0.641
2018-ar-joy-train-54,@dammam1974 هذا شخص مافيه مثله اثنين اتوقع ..جمال حنيه رومنسيه وش احكي وش اخلي💔💔💔,joy,0.531
2018-ar-joy-train-55,بس والله مبسوط جدا بالحفلة وانتو البنات الله يعينكم القلب معاكم والله مدري وين الغلط في حضوركم,joy,0.703
2018-ar-joy-train-56,كل سنه وانت طيب يا ابو موزوو ياسبب فرحتنا وانشكاحنا دايما دمت نعمه علينا 😍 😍 #يونس_والمعلمين_بيعيدوا,joy,0.766
2018-ar-joy-train-57,#فرحه_قلبك_تتمثل_في فرحة بابا و ماما ❤ 🙈,joy,0.694
2018-ar-joy-train-58,#ميلاد_حِلوي_زيون \nعشان اليوم يوم ميلادك ي عسى عيونك الجميله م تشوف الا السعاده وعسى ضحكتك ماتفارقك وكل عام وانت نعمة تبقى لي إيود عمر🖤.,joy,0.594
2018-ar-joy-train-59,ان شاء الله تكون كل ايامك سعادة و فرح ♥️,joy,0.609
2018-ar-joy-train-60,يارب البسمة اشوفها دايماً ع وجيه اهلي يارب تبعد الضيق عن قلوبهم 💭💜*.,joy,0.516
2018-ar-joy-train-61,حلو انك تكتفي باللي يقدرون وجودك معاهم وتشوف السعاده فيهم وتتجاهل اللي م يشوف منك شي قد م تعطيه.,joy,0.516
2018-ar-joy-train-62,الحاجة الوحيدة ال متأكد منها اني مش هنفع ف الكلية دي بس قررت اكمل فيها من باب الاثارة و التشويق,joy,0.258
2018-ar-joy-train-63,#الفرحه_انك تقدم محبة حقيقية,joy,0.581
2018-ar-joy-train-64,"@cherryredwine__ ايه المشكله يبقى ١٥ حلقه وينزلوا حلقتين ف الاسبوع , التشويق هيزيد ومش هيحتاجوا مط",joy,0.21
2018-ar-joy-train-65,إنه يعرف جيدا كيف يضع بداخلي شيئا مضطرب لا يهدأ دونه,joy,0.219
2018-ar-joy-train-66,- أنا حاسس إني #مبسوط\n- بعد الشر عليك إوعي تقول كدا تاني 😂,joy,0.563
2018-ar-joy-train-67,الي صان الارض يسلم 😃,joy,0.433
2018-ar-joy-train-68,@memomadridesta ايو صطيف قلبي الاحتفالات وين راح تنقل ؟,joy,0.406
2018-ar-joy-train-69,الابتسامة هي ضوء يظهر من النافذة ليشير للآخرين بوجود شخص مهتم و متعاون بالداخل دينيس ويتلي #شهريار,joy,0.5
2018-ar-joy-train-70,"لو السعادة انسان، مين سعادتك؟🤔🤔",joy,0.306
2018-ar-joy-train-71,ربي اجعل امي سعيدة الدارين قريرة العينين لا تشكي هم ولا حزن ولا مرض واحفظها لي فهي لي الدنيا بأكملها❤️ 😴,joy,0.563
2018-ar-joy-train-72,في الطريق لآخر امتحان في الحياة الجامعية (إن شاء الله يعني 😅 ) والجو منعش وجميل وسعادة غامرة 💞,joy,0.703
2018-ar-joy-train-73,@bohadi_MUFC اي ماشستراوي مو واثق بفوز المانيو اليوم احسن ما يشجعهم,joy,0.274
2018-ar-joy-train-74,اللهم صاحب جدع زى #بهجت الساعاتى الى فى حياة #سلطان الى هو معاك دايس ف أى مصيبه المهم يبقي معاك😍 #ريح_المدام #اكرم_حسني #أحمد_فهمي 👬👫,joy,0.359
2018-ar-joy-train-75,واخد الدوري بدري وراايق وغيري تعبان و مضايق 😎 💪 -- أحتفل بالانتصار,joy,0.597
2018-ar-joy-train-76,تقبل الله منا ومنكم صالح الأعمال #عيد_سعيد #عيد_الفطر1438 #شوال #عيد_الفجر,joy,0.516
2018-ar-joy-train-77,الفتاة المحتشمه فخر لابويها عز لإخوتها كنز لزوجها خير قدوه لأولادها فكوني محتشمة ايتها المسلمة لكي تسعدي من حولك #اختاه_حجابك_ستر_وعفاف,joy,0.355
2018-ar-joy-train-78,كل عام وأنتم بخير وصحة وعافية 🌷 تقبل الله منا ومنكم صالح الأعمال عيدكم مبارك وفرحة وسعادة وهنا عساكم من عواده,joy,0.688
2018-ar-joy-train-79,ماأشبه ليلة البارحة بحلم طفل صغير يطير بجناحيه إلى الفضاء الفسيح يرى من تحته كل البشر يساعد هذا يمازح يبتسم يصرخ منتشيا سأظل حرا مع الطيور,joy,0.531
2018-ar-joy-train-80,ان التفاؤل هو الايمان الذي يقود الى النجاح ولا شيء يمكن تحقيقه بدون الامل و الثقة هيلن كيلر l2o,joy,0.484
2018-ar-joy-train-81,قالت لزوجها : شايف الرجال اللي يرقص ذاك 😊\n\nقال لها :ايه شايفه😊\nقالت ذا قبل خمس سنوات تقدم لي ورفضته😨\nقال لها ما شاء الله إلى الآن يحتفل\n\n😂😂😂,joy,0.406
2018-ar-joy-train-82,هه هذا بداية الفشل انك تلزم الشعب حتى داخل بيتو ولا الفندق والله مراسيم مضحكة لدولة عريقة,joy,0.194
2018-ar-joy-train-83,@yellow1010101 @s_almogren مبسوطين ولله الحمد والمنه ولا حاسين بنقص ولا غمه \nالله يطول في اعمار حكامنا مش مخلينا محتاجين لحد,joy,0.563
2018-ar-joy-train-84,أدركت حب الله لي في وجه امي ي وضحكة ابوي 💕,joy,0.594
2018-ar-joy-train-85,كل الخوف خوف إلا الخوف من الله #طمأنينة ❤❤,joy,0.371
2018-ar-joy-train-86,#قل_لغالي_كلمه_تعايده_فيها گ نقاءآلمطرهي الولدة هي فرحتي ابتسامتهآ سعآدۿ وفرحتي تكتمل بوجودهاالي تمليني فرح دايماياعسى ربي يخليهاويحفضها,joy,0.578
2018-ar-joy-train-87,بعد شوي بسمع اغنيه لهاري بصوته هو لحاله انا سعيده جدا,joy,0.781
2018-ar-joy-train-88,ودي ادق عليك وأقول : وين أنت\nودي أحاكيك عن سوالف جديده \n\nلكن كل م تذكرت هالبعد هونت ! \nيمكن فـ: بعدي حياتـه #سعيده,joy,0.419
2018-ar-joy-train-89,#السعاده مرتبطه ب #الايمان ايمانك بان الله خلقك وهو يرى الخير لك فلن تجد #سعاده بعيد عنه امن فقط وهو سوف يرعاك فما اجمل الحياه قرب الله,joy,0.641
2018-ar-joy-train-90,ماشاء الله شغل جميل ونظيف الله يكتب اجرك يا صالح واجر الي معاك تعب.\n#اسعد_غيرك,joy,0.594
2018-ar-joy-train-91,عيد سعيد جميعا كل سنة وإنتو طيبين يارب أتمنى لكم عيد مليء بالأفراح مع اللي تحبوهم ولا مانع من العيديات والشوكلاتات والمفآجات 😍 🎈 🎁,joy,0.719
2018-ar-joy-train-92,طاب يومك بكل سرور,joy,0.742
2018-ar-joy-train-93,ضحكتك حبيبي تمليني فرح طلبتك خلك مبتسم حتى لو توادعنا 💙,joy,0.797
2018-ar-joy-train-94,- ليه ساكتيّن؟.\n- تكفينّي الطمأنينة معاها🖤💤!,joy,0.367
2018-ar-joy-train-95,السنه الي فاتت شله النقاد الالكترونين  صدعو الي خلفونا بافراح القبه   اتفرجت عليه عجبني فشخ  في وقته  .فات سنه اهو  اكتشفت انه مسلسل خريان,joy,0.203
2018-ar-joy-train-96,"ما بقه شي للعيد ، حبيت أكون أول واحد أهنيك كل عام وانت بخير، بسمتك تخلق لي الفرحه من حيث لا احتسب ، جعل الي أحبه مايجوف اله السعاده 💙.",joy,0.5
2018-ar-joy-train-97,@AkramHosny حاجه كده تحفة #ريح_المدام 💕خفه دم حاجه لذيذه بتتفرج وانت مبتهج وبتضحك من قلبك بدون اسفاف ولاابتذال 🏆تستاهلو الكاس اكرم فهمي 💕,joy,0.75
2018-ar-joy-train-98,#افرح وخلي الفرح ده عادة بتنام وتصحى عليه بعد #الرضا هاتلاقي سعادة واللي بتحلم بيه,joy,0.774
2018-ar-joy-train-99,اعلان ٥ ٥ وصل الرسالة بطريقه مريحه نفسيا 🙊 😍 😍 #بهجة ❤❤,joy,0.79
2018-ar-joy-train-100,@ttrraaf ماجد المهندس افادنا بأخلاقه الطيبة وحسن سلوكه انتي تستصغرين منه على اي اساس مع احترامي على الاقل ماهو مهرج 😘,joy,0.453
2018-ar-joy-train-101,#مطروح سحر الجمال  ايه أكثر مكان تحبه فى مطروح,joy,0.5
2018-ar-joy-train-102,شبابه حلو والله ومجنون ودمه خفيف احب مسلسلاته القديمة,joy,0.548
2018-ar-joy-train-103,انا لسه بحبك  #الفرحة_انك,joy,0.547
2018-ar-joy-train-104,فكأنه صب بباب حبيبة متوسل مستعطف مسترحم والجدول الجذلان يضحك لاهيا والنرجس الولهان مغف يحلم صور و أيات تفيض بشاشة حتى كأن الله فيها يبسم,joy,0.339
2018-ar-joy-train-105,يارب أيام جميلة و أخبار مفرحة و نفس مقتنعة و قلب مرتاح و راحة بال و توفيق من عندك 💕 ✨,joy,0.594
2018-ar-joy-train-106,الضفدع ده مبسوط اكتر مني 😂\nربنا يرزقني ربع انشكاحه 🐸😂,joy,0.297
2018-ar-joy-train-107,جميل هو الوقت حين يمضي وأنت تتحدث مع شخص يعني #لك الكثير تتناقش معه تشد وترخي تأخذ وتعطي تمازحه تستفزه وكلك ثقة بأنك لن تضايقه #العلقم_الشهد,joy,0.484
2018-ar-joy-train-108,وانتي واسرتك الكريمة بخير و سرور اختي المحترمة 💜 🌹,joy,0.5
2018-ar-joy-train-109,"أسبوع كامل بروح من الشغل الكهرباء قاطعة\nاليوم برضه كانت قاطعة\nالجديد أنها جت وأنا ع باب البيت،\nويا فرحة ما تمت قطعت بعد نص ساعة\n#غزة_للمجهول",joy,0.078
2018-ar-joy-train-110,صباحك انا وبكل سرور,joy,0.609
2018-ar-joy-train-111,العيد فرحة نحنا لينا بالأعياد كل من له عيد نبتهج معاه بس بهجة الكرسمس وشم النسيم لايعلا عليهم 😂 😂,joy,0.734
2018-ar-joy-train-112,شعور عظييمم طلعت كل الطاقه الي فيني وفرغت الطاقه السلبيه الي فيني من المدرسه والضغط الي كنت احسه أحس بسعاده شعور م ينوصف والله 😢 😪 ❤❤,joy,0.797
2018-ar-joy-train-113,طب انا اقسم بالله بسمع اغنية راجعين جسمي بيقشعر حلاوة اول حلقه وانشكاح اول حلقه بكل مافيها من احاسيس متلخبطه 😍 😍,joy,0.597
2018-ar-joy-train-114,انظر للحياة بعين النحلة الي تبحث عن الأزهار \nلا بعين الذبابة التي بحث عن ......,joy,0.25
2018-ar-joy-train-115,شكرا والله ماقصرتو مفاجئة فخمة ومرتبة وتكفي فرحة محمدوعبدالله فيها 👬 😭 😍 ❤️❤️ #ضيف_التوينز2 #احتفالية_التوينز,joy,0.703
2018-ar-joy-train-116,مسلسل لا تطفئ الشمس ده مبهج جدا والله..و محمد ممدوح ممثل مش واخد حقه\nو جوزوني امينه خليل طيب 😂,joy,0.719
2018-ar-joy-train-117,#بهجت_الساعاتي\nمثال لصاخب الي لو مسمعتش كلامه هتروح في داهيه 😓\nولو سمعت كلامه هتروح في ستين داهيه 😂😂\n@AkramHosny \n#ريح_المدام,joy,0.313
2018-ar-joy-train-118,كلي فخر بفريقي #بايرن لعب وقاتل حتى بعد الهدف الرابع لكن التحكيم كانت له الكلمة العليا,joy,0.545
2018-ar-joy-train-119,مدري شفيكم ع دوام رمضان خفيف وسريع وهدوء \nجدا جميل والله,joy,0.516
2018-ar-joy-train-120,#أفراح_القبة من أجمل المسلسلات الي شفتها و أروعها اداء رائع للجميع و أولهم المخرج #محمد_ياسين 👍🏻👏🏻,joy,0.406
2018-ar-joy-train-121,@ysyriana انستغرامك جميل بيبعث البهجة و الطمئنينة و خلى قلبي من جوا يبتسم,joy,0.796
2018-ar-joy-train-122,من #أجمل_الأيام التي تستحق شكرالله حينما تغرس أملا او #فرحة ننتظرها او حبيبا يتفوق او ولدا يتخرج او ابنتا تتزوج أومسافرا يعود او قريبا يشفى,joy,0.625
2018-ar-joy-train-123,@HadeerAmin  ههه مخدر القنب الهندي شائع جدا في تونس  و يبعث على النشوة و ينسيك انو بلحة رئيسك مثلا ..,joy,0.484
2018-ar-joy-train-124,"ربي انظر إلى قلبها فإن وجدت حزن او ضيق فبدله فرحاً و اطمئنان وان وجدت هماً فأنزعه ,فهي شي ثمين لدي فاحفظها لي يارب💙",joy,0.344
2018-ar-joy-train-125,#شاهين_باحتفالية_مسرح_السلام السعادة فى القرب من الله,joy,0.438
2018-ar-joy-train-126,#شكرا_حسين_عبدالغني ك عالميه اتمنى الخبر صح 💛 💜 ف اعتزالك يحفظ ذكرى طيبه لك مع العاالمي ارجوا لك حياه سعيده بعيدآ عن الكوره لان عمرك ف نزول 🌺,joy,0.469
2018-ar-joy-train-127,احب جو الصباح اتلذذ فيه هدوء وسكينه وفوق ذا فاطره يالله بسويلي سناك وبقوم اتابع فلمي 💖 ✌ 🏻,joy,0.547
2018-ar-joy-train-128,السكوت موجع والكلام ماهو إلا زيادة ألم والجرح خذته وشابت به أيامي روضت العمر صبر والسنين طوال والقرار أصعب من دمعة يتيم #أماني_الروح,joy,0.188
2018-ar-joy-train-129,#فرحو_المواطنين تره الشعب محتاج فرحه ويستاهل خير الكويت خلوه على الكويتين شوي,joy,0.5
2018-ar-joy-train-130,فرحان عايز اضحك 😂 😂,joy,0.887
2018-ar-joy-train-131,"و حينَ رفعتُ رأسي للسماء، و استشعرتُ أنَّ الله يراني من ذاك الضوءِ المُتسلل هُناك، \nابتسمتُ بـ رِضىً، و خفضتُ رأسي حُباً لله 💕:"".",joy,0.813
2018-ar-joy-train-132,"@Mayadalt بالضبط 👌🏻، ويشجع القارئ على البحث أكثر والتّفكُر. \nشكرا لمشاركتگ هذه المقاله🌸",joy,0.281
2018-ar-joy-train-133,مش لازم ترتبط عشان #تفرح 😍 مش شرط عينك تلمع عشان #بتحب 💞 دا ف ناس وجودها ف حياتنا #بينورها حد يفرحك ويسمعلك من غير ما #يزهق #صداقة_حلوة_بزيادة,joy,0.656
2018-ar-joy-train-134,"افرح وعيش أنت غالي علينا، اوعى تحزن يوم \nبكرة هاترجع تضحك لينا هتنسى أي هموم ..\n#أصالة #افرح_وعيش \n@AssalaOfficial",joy,0.578
2018-ar-joy-train-135,الاختبارات قبل رمضان اقسم بالله فرحان لأخواني الطلاب 😍 😍,joy,0.797
2018-ar-joy-train-136,خطيئتي و صوابي أنني أحبتك أكثر من نفسي 💘 #شوق #حب,joy,0.387
2018-ar-joy-train-137,@234_aadd مساك #سعادة  ي مصدرها ربي يسعدك 🌹😍,joy,0.594
2018-ar-joy-train-138,#وين_كنتي تحول فجأة لل #الهيبة صاير فيو عنصر التشويق #وين_كنتي,joy,0.281
2018-ar-joy-train-139,#احتفالات_عيد_الرياض مو حلو عيدكم حنا احلا 🙄,joy,0.484
2018-ar-joy-train-140,انا جدا فخور بمتابعيني فكلهم قمم من الرقي والتطور والأخلاق وأكثرهم مبدعين ومتألقين أودهم كلهم,joy,0.703
2018-ar-joy-train-141,#الفرحة تأتي من ثلاثه شخص #يحبك حد #الجنون وتحبه #صحة لا سقم معها و #عافيه و #مال يملأ جيبك من #حلال #عيد_سلام_ومحبه,joy,0.677
2018-ar-joy-train-142,#NAME?,joy,0.258
2018-ar-joy-train-143,#بهجة_أمل \n٨٩.*أمل لما أتكلم معاك أحس براحة نفسية و ما نفسي أوقف *\n*أمل انت قاعدة توريني الحياة من جهة ثانية و تفتح لي آفاق *💕💛🍭,joy,0.688
2018-ar-joy-train-144,صباح الخير و الفرح ب #يوم_المرأة_العالمي انشالله أيامك كلها أعياد مايا,joy,0.531
2018-ar-joy-train-145,"بجيب لنفسي هدية ، وش تنصحوني اهديني؟.\n\n#فخرنا_منصور_الزهراني \n#الساهر_قيصر_الترند\n#البرنس_ريان_30k_محب",joy,0.406
2018-ar-joy-train-146,@01VDD عيدي مع اهلك او حتى لحالك البسي وتكشخي وافرحي واشتري شكولاطات 😕❤❤ عييييدد ترا,joy,0.594
2018-ar-joy-train-147,نعم أختي بكل سرور 🌹 ❤️ 🌹,joy,0.609
2018-ar-joy-train-148,و سيشهد التاريخ ان اي مصيبه ف العالم بيتحملها الإنقلاب ف مصر 😃\nالانقلاب شال فوق طاقته يرضي مين,joy,0.234
2018-ar-joy-train-149,عيدك سعيد و كل عام و انت بخير اخي و حبيبي فارس ينعاد عليك سنين عديدة يا رب و نحن نشاركك الفرحة يا طيب القلب,joy,0.767
2018-ar-joy-train-150,خليك دايمن فرحان حتى لو وقعت فى مشكله ولا تزعل وخلى حياتك فرح وسرور واعرف ان الدنيا ماهى إلا اختبار 😘 😍 بحبكم,joy,0.703
2018-ar-joy-train-151,@Salem309 @ch_cake ربنا يسعدكم ويهدى سركم .. ويا سيدى ايوه قول عشان ندعيلكم ونبتهج قليلا بحكايات حلوة كدا,joy,0.578
2018-ar-joy-train-152,كل عام وأنتم بخير وتقبل الله منا ومنكم صالح الاعمال #افراح_العيد,joy,0.656
2018-ar-joy-train-153,للأمانه تجذبني الأشخاص اللي فيهم غموض وثقل اخ ومايعطون مجال لأي أحد يجذبوني الناس اللي عندهم جانب لطيف بشخصيتهم بس مايطلعونه دايما,joy,0.328
2018-ar-joy-train-154,#KingJiyongIsBack- ﴿ وما كان الله معذبهم وهم (يستغفرون) ﴾ #أمان 💭 💘 -,joy,0.359
2018-ar-joy-train-155,#ربي أدخل #شهر_رمضان #علينا وأنت #راضي عنا و إجعلة شهر #تتبدل فية #ذنوبنا إلى #حسنات #وهمومنا إلى #أفراح #وأحﻻمنا إلى #واقع,joy,0.5
2018-ar-joy-train-156,مع هالمساء فرحة سعادة بسمة عافية يجعلها ربنا عني وعنكم ما تغيب ✍ 🏻,joy,0.734
2018-ar-joy-train-157,قمة الراحة النفسية لم تشوف علي خان يغرد ^ ياخي تحس بسعاده ابديه موو,joy,0.672
2018-ar-joy-train-158,كل عام وانتم بخير والله يسعدكم سعاده م بعدها شقى وجعل عيونكم م تدمع الا دموع فرح ي رب للجميع بدون استثناء❤️❤️,joy,0.656
2018-ar-joy-train-159,"أنتي مجموعة #سعادة في ""قلب إنسان"" 💜 😍 😘 بإنتظار اللقاء الملكي ع #نار 😭",joy,0.758
2018-ar-joy-train-160,أحب رفقتك الي تمليني فرح دايما يا عسى ربي بالفرح يديمك ربي يحفظك 😢 💜 ❤️ يسلموو ياغناتي ماانحرم منك يارب,joy,0.609
2018-ar-joy-train-161,@_iN18_ الله يبارك فيك 😘\nيارب .. شاكر للطفك ودعواتك 🌹,joy,0.469
2018-ar-joy-train-162,دي حاجه كده اكبر من اعلان بكتير :D ده سر سعاده وانبساط غريب و بدون سبب يملك كل المفاتيح,joy,0.667
2018-ar-joy-train-163,رايقيين و بالنا مرتاح سعيد لنهاية شهر ابريل كأزهار الساكورا عندما تتفتح في موسم الربيع الجميل,joy,0.625
2018-ar-joy-train-164,فرح قلبي أستمده من ضحكة أمي,joy,0.844
2018-ar-joy-train-165,@MMilka86 في منامي نحلم وانا نوم 💤 في قصور البهجة وشموع ضاوية .\nهيه هذيك هيا نشوف فيك تضيعي في وقتك و وقتي 😊,joy,0.375
2018-ar-joy-train-166,@RawanMirza ربنا ما حيحملك فوق طاقتك اطمني لانو ربنا عارف ايش في قلبك الله يهونها عليكي ويعوضك بالفرح القريب❤️❤️❤️❤️,joy,0.406
2018-ar-joy-train-167,افاا حلوه ريحته طيب 😂 فيه مرطبات كثير كويسة بعد بس شوفي اللي يناسبك وفادك واستمري عليه,joy,0.438
2018-ar-joy-train-168,#احتفالات_عيد_الرياض يا سلام عندنا الجسر المعلق وطريق الملك خريص فديت السياحة والترفيه يخقق 😊,joy,0.422
2018-ar-joy-train-169,@anas_khaldi عفكرة همه اجو عالأردن قبل هيك .. و الهدف من الحفلة انهم يغنوا مش جايين بقنعوا بالناس,joy,0.234
2018-ar-joy-train-170,أحببت هذا اليوم جدا كنت تضحك انت فأبتسم أنا تتحدث فأقع في حب أحاديثك تقبلني و أبلغ عنان السماء حبا قربك الأمان و كل مادونك غربة,joy,0.781
2018-ar-joy-train-171,#مطر😍\nده مطر بجد مش معقول😍😍\nاول مرة اشوف الجو بيمطر فى رمضان❤❤\nدعواتكم ربنا يسترها معانا\n و يرزقنا بالخير 😊👐,joy,0.609
2018-ar-joy-train-172,#ترفيه_تغريبي وزير فشل في القيام بعمله في اقل من ثلاثة شهور لاسلوبه و سولكه مع المواطنين يريد ان يغير اخلاقنا و مجتمعنا المحافظ,joy,0.219
2018-ar-joy-train-173,الإبتسامة أمرها غريب : إن وضعتها لحبيب احس بالراحة وإن وضعتها لعدو شعر بالندم وإن وضعتها لمن لاتعرف أصبحت صدقه,joy,0.391
2018-ar-joy-train-174,#كلمه_لرجل_امن_الحرم جزاهم الله كل الخير هم فخر لهذا الوطن اسأل الله لهم التوفيق وسعاده و الراحه وأن يرزقهم 💚 💚,joy,0.583
2018-ar-joy-train-175,"#سعادة الانسان هي الشكر و الصبر و الاستغفار ""أسأل الله أن يسعد قلبي وقلوبكم بما تتمنون❤",joy,0.656
2018-ar-joy-train-176,الإعلان جميل جداا بجد😍كل شويه اعيد فيه و اتفرج عليه😍😍\nالبرنس ❤💪 ربنا معاك يااآرب يا احسن برنس💖و ربنا يشفي كل مريض💔\n@ahelmy \n#ماس_احمد\n#حلمي,joy,0.719
2018-ar-joy-train-177,أنا على ثقة بأن كرم الله سيمطر علي فرحا فأنتظاري ماهو إلا سحابة اثقلها دعائي في النهاية ستمطر غيمة أحلامي 🌧,joy,0.641
2018-ar-joy-train-178,مرحبا انا عندي شخص عن الف شخص دايما يعوض قلبي ويخلق الفرح لروحي طالما هو معاي المخاوف تنمحي والامان يحضني عموما انا حابة الحياة فيه❤❤,joy,0.688
2018-ar-joy-train-179,اكتر حاجه بتخليني ابتسم لما ابقي ماشيه واسمع طنط الي تحت هي وبنوتتها النونو وهما بيتناقشوا حاجه في منتهي الجمال ...🌼💙,joy,0.734
2018-ar-joy-train-180,ابتهاج اجتماع الحبايب والله يزيد السعادة سعادة❤️,joy,0.766
2018-ar-joy-train-181,#اسامه_فقيه_بالمعزب السعادة ليست حلما ولا وهما بل هي تفاؤل وحسن ظن بالله وصبر بغير استعجال,joy,0.438
2018-ar-joy-train-182,و سمعنى سلام الأسد ملك الغابة 😃\n#حاحا_وتفاحة 😂,joy,0.469
2018-ar-joy-train-183,#الفرحه_انك تكون مذاكر جزء من المنهج وتلاقى الامتحان جاى فى الجزء ده بس ..,joy,0.629
2018-ar-joy-train-184,شكرا #حلاوة_الدنيا ع النهاية العبقرية المليانة بالفرح و الأمل و التفاؤل لأي مريض 💜,joy,0.641
2018-ar-joy-train-185,معندكوش انتوا روح الدعابة خالص,joy,0.081
2018-ar-joy-train-186,#بسمة_ثغر ابتسم فالحياه قصيره,joy,0.435
2018-ar-joy-train-187,و الله مهما كانت سعادة كل الناس مش هتوصل لسعادتي و فرحتي النهارده 😍 😍,joy,0.952
2018-ar-joy-train-188,@3hod04 اليسا فناناتي المفضلة من البوم بدي دوب 😘 و ائل كفوري . . . و كاظم الساهر لانو يغني لنزار قباني و الباقي مود اجنبي 👻,joy,0.422
2018-ar-joy-train-189,@Eno0305_108 طب انا بلعب جيم ومبجوعش قالولي شوية وهتبدئ تجوع ومفيش جربت كذا فاتح شهية و معملوش حاجة عندك اقتراحات؟,joy,0.219
2018-ar-joy-train-190,الطمأنينة الأعمق \nأن الله يعلم مافي الصدور,joy,0.281
2018-ar-joy-train-191,عيد سعيد عليكم وكل سنه وانتو طيبين 😁 💗 🎉,joy,0.694
2018-ar-joy-train-192,ههااي #فكاهة,joy,0.419
2018-ar-joy-train-193,النقاش مع شخص تحبه وتثق فيه مفيد جدا في تخفيف التوتر والاكتئاب ويمنحك ثقة كبيرة في نفسك #اخر_رحلتين_دوليه_لك,joy,0.328
2018-ar-joy-train-194,#احنا_ما_نتبع_البنت_يوم_زواجها احضر وافرح مافي اغلى من اختي صح لحظه فراق موجعه لمن تطلع اختك من البيت يوم زفافها اتمنى يكون اجمل زفاف ❤,joy,0.453
2018-ar-joy-train-195,ل كل شخص لطيف مر بحياتي كل عام وانت بخير كل عام والفرحه تغمرك وابتسامتك الجميله م يعكرها حزن ✨ 🎈 #عساكم_من_عوادة,joy,0.719
2018-ar-joy-train-196,هي مش فرحه بندق لا هي حفله بندق😂😂🏃🚶دايره يابا \n\n#فرحه_بوندق,joy,0.758
2018-ar-joy-train-197,لا تخاف العمر يمضي وخلك طروب ان كبرنا يرجعناا حنين الصبا راح نبقى سوى رغم اختلاف الدروب شاءٓ من شاء يا خلي وابىٓ من ابى,joy,0.327
2018-ar-joy-train-198,15: مقصرة معاكى جدا غصب عنى والله اكيد زعلانة منى فأسفة بجد انتى طيبة ومبهجة وتتحبى والله ومتزعليش منى بالله ربنا يعلم معزتك ❤ 💕,joy,0.281
2018-ar-joy-train-199,@tsukivalo اوكي يعني النسخة الرسمية ذي هي الطبيعية أكثر؟ ملعوب علينا بنسخ الأنمي💔\nلا ماعندي دايم أحس مشوار يبي له&lt;؟,joy,0.109
2018-ar-joy-train-200,@sarasayed282 وانت ماشي في مصر عارف انها فرحانة بيك 💜,joy,0.661
2018-ar-joy-train-201,⁦مرحبا أنتي جميله وهناك شخص يحبك كوني سعيده دائما لأن عيناك مذهله عندما تبتسمين 💘,joy,0.578
2018-ar-joy-train-202,💔 💔 يارب اجمعهم في جنات النعيم بلا حزن ولا فراق,joy,0.391
2018-ar-joy-train-203,محادثة قديمة جدا قد تمدك بالدفء في أكثر أوقاتك بردا وحاجة لشخص يبتسم لك من قلبه تعيد إلى روحك النشوة بعد وقت عصيب من الجمود والرتابة,joy,0.484
2018-ar-joy-train-204,@na00011 @SamtiSaad انت انسان  تعرضت لواحد منسم   ضروري ترد عليه     الحمد لله و الشكر  الاشكال هذي من البشر لا يرد عليها  باي,joy,0.219
2018-ar-joy-train-205,#احتفالات_عيد_الرياض\nزينوا الشوارع بس ترا ملينا من الزحمه خلوا عني الاحتفالات والحركات اللي مالها سنع ومو لايقه عليكم😤😖,joy,0.355
2018-ar-joy-train-206,انا ابي واحد حزين واخليه سعيد :) &lt; ياخي احنا البنات حتى في الحب نبي دراما ودموع,joy,0.242
2018-ar-joy-train-207,قد لا نعلم حجم الفرح الذي يسكننا حتى يأتي من يبعثه فينا ليبدو على قسماتنا متهللا ~,joy,0.5
2018-ar-joy-train-208,والله إن في قلبك بساتين من الفرح والسعادة والجمال فقط يحتاج منك إلى أن ترويه بقطرات من الثقة والتفاؤل والإيمان فدع عنك الهم,joy,0.719
2018-ar-joy-train-209,#اسعد_غيرك3 تأمل قولهﷻ﴿من جاء بالحسنة فله عشر أمثالها ومن جاء بالسيئة فلا يجزى إلا مثلها وهم لايظلمون﴾ زيدوا حسناتكم,joy,0.469
2018-ar-joy-train-210,#التفاؤل أن تثق بأن هناك ثمة ضوء في آخر الطريق المظلم و بصيص أمل مع نهاية كل صبر و ظنا حسنا بالله لا يحجبه تشاؤم بشر,joy,0.359
2018-ar-joy-train-211,أهلا ب شعور السلام في كل مكان وأصوات المساجد والطمأنينه أهلا شهر الرحمه والغفران أهلا رمضان 🌙 ♥️,joy,0.625
2018-ar-joy-train-212,@_Dalissima_ بطلت من كذا سنة أعيد لأعياد عامة وبقيت أكتفي بالمناسبات الخاصة. وتقدري تقولي المصايب بقت بترف مطر مش ملاحقين في كل مناسبة.,joy,0.125
2018-ar-joy-train-213,قالت لي #صديقة أنت #جميلة حين تبتسمي وهناك شخص يخشى أن تحزني كوني سعيدة ف #عيناك تصبح أجمل حين تفرحي وهاأنا #سعيدة بتطبيق نصيحتها 💕,joy,0.734
2018-ar-joy-train-214,دووم الضحكه ي عمر 😂 😂 صدع راسه من الضحك 😂 💔 #المدهال_يوم69,joy,0.734
2018-ar-joy-train-215,@NRJEgypt @KindaAlloush @amryoussef100 احلى مسلسل اذاعي بجد خفة دم عمرو و كندة و ايهاب فهمي مش معقولة رجعوني احب اسمع مسلسل في اذاعة😍😍,joy,0.532
2018-ar-joy-train-216,@Bisha_star أبشرك صار التقويم على السبورة عليه درجات 😀,joy,0.317
2018-ar-joy-train-217,#فرحة_روما_بنت_المعلمين ألف مليون مبروك يا رووما وربنا يتمملكم ع خير بإذن الله ويسعد أيامك ويملاها فرح وبركة دايما يارب 😍 😍 ❤ 😻 ✋,joy,0.71
2018-ar-joy-train-218,ومساك بسعاده وراحة البال ربي يسعدك دووم,joy,0.597
2018-ar-joy-train-219,@ramezgalal يكفي ان وجوده رسم أجمل بسمة على وش ملاك زي دي\n ربنا يجعلهم سبب سعادة الناس,joy,0.734
2018-ar-joy-train-220,دا الفرح ملوهش معاد ضحكتها لما ااولدت بتكتر في الاعياد,joy,0.656
2018-ar-joy-train-221,لكل متابعيني الله يروي قلوبكم بالفرح وغيث السعادة ويجعل أرواحكم نقية من الأحزان والهموم ❤️,joy,0.781
2018-ar-joy-train-222,وش احكي للناس عنك؟\nاقول لهم اني ملكت نعمه وفرحة سنين❤❤.\n\n@toseq8,joy,0.781
2018-ar-joy-train-223,من المعيب أن تدفع أموال طائلة على زينة الاحتفالات والبهرجة الفانية..\n\nوالله يقول ( من ذا الذي يقرض الله قرضا حسنا فيضاعفه له أضعافا كثيرة..,joy,0.258
2018-ar-joy-train-224,الروشنة في أزهى صورها لما صحابي بياكلوا لب في اغتباط وسعادة غامرة 👏,joy,0.656
2018-ar-joy-train-225,#سعادة\n\nلما تجيك دعوة حلوة من شخص من زمان مو مكلمه❤️ الله لا يحرمني يارب من الناس الطيبة الزكية ❤️,joy,0.875
2018-ar-joy-train-226,ايها النجم الرائع لقد اعطيتنا جميعا بهجة في حياتنا فكلما نجحت عوضتنا عن كثير من لم نستتطع تحقيقة,joy,0.703
2018-ar-joy-train-227,لعبة البرلمان 👈 متعة 😄,joy,0.313
2018-ar-joy-train-228,شفت الي يضحك ودايم مبسوط صدقني لو قالك الي بقلبه راح يبكيك 😞 💔,joy,0.344
2018-ar-joy-train-229,شعور حلو أنك تفتحين جوالك ع خبر حلو وفرحة ل صديقة العمر عمري أنا الي صارت ام 😭 💜 💜,joy,0.781
2018-ar-joy-train-230,هب لنا ي الله من نسيم كونك #رضى ثم #فرحا ♥⚘ صباح الخير 🌼 🍃,joy,0.645
2018-ar-joy-train-231,أحسست بالسعادة حين حققت حلم الطفولة و تعلمت بنفسي قيادة الدراجة 🚴 🏻 و تتجدد سعادتي كلما مارست هذه الهواية #سعادة,joy,0.844
2018-ar-joy-train-232,من إفطار شركة هاي وأي السياحية بمحافظة قنا لغير القادرين وشكرا لكل من ساهم في فرحة الأيتام وغير القادرين,joy,0.547
2018-ar-joy-train-233,#ساعه_استجابه يا رب أعزني ووفقني في ديني وعلمي ومالي يا رب أمد لي السعادة والصحة وارزقني زوجة وذرية صالحين بارين ووفرة في المال,joy,0.484
2018-ar-joy-train-234,مش هتفرق #فرحانه 😃ولا #زعلانه😖\nعلشان انا فى#الحالتين بضحك😂🐼✋,joy,0.469
2018-ar-joy-train-235,ايوه بقا 13 يوم اجازه ياناس — feeling باهموت من الفرحه,joy,0.875
2018-ar-joy-train-236,"وجه اذا ضحك ،تضحك معاه الدنيا وقلبي💭💕.",joy,0.75
2018-ar-joy-train-237,@jun_queeen حلو التفاؤل دا,joy,0.375
2018-ar-joy-train-238,نفسي ف مفاجأة تخليني منشكح انشكاح منشكحهوش منشكح في تاريخ المنشكحين 😅,joy,0.469
2018-ar-joy-train-239,"#ميلاد_الدعاء9 \n\nمن قالها بيقين فرج الله كربه بإذنه، وشافاه وعافاه بل ورزقه من حيث لايحتسب، وابتلاء الله تعالى للعبد ماهو إلا حب ورحمة..",joy,0.313
2018-ar-joy-train-240,وعيدك سعادة وبهجة وسرور ياالجنوبي الأصيل,joy,0.656
2018-ar-joy-train-241,إنت عيدي و أجمل أيام العمر و إنت فرحة قلبي و حظي الجميل كل عام وانت لعيدي فرحه 💙 #عيدي_اجمل_بوجود,joy,0.859
2018-ar-joy-train-242,#كنزه_نجمة_لن_تتكرر انتي بالنسبه لنا الفرح و السعاده انتي كالحلم الذي لا نتمنى ان نستيقظ منه #kenzamorsli,joy,0.677
2018-ar-joy-train-243,طول عمري بقول لمرتي بدي اطلع معك بالبرنامج😍😍😂😂😂🔥🔥🔥\n@Mohamad_kaiss \n#تركا_علينا #القمر_عنا #فرحة_رمضان #محمد_قيس \n#mk_bdy,joy,0.469
2018-ar-joy-train-244,هو اللى بيغيرلى مودى دايما 🙈 بيدينى جرعة تفاؤل وانشكاح للحياة 😊 💙 انا مش عارفه من غيره كنت هعيش ازاى 👀 💔 تويتة في عشق #البطيخ 😍 🍉,joy,0.609
2018-ar-joy-train-245,@3bo9x1 قد ايش حماسي دا الفيلم😍❤❤.,joy,0.565
2018-ar-joy-train-246,@gom3aaaaaaaaa الموضوع كبير 😀,joy,0.234
2018-ar-joy-train-247,صيغة تفكير مريحة : أنا قوي بربي أنا أشعر بالسعادة لأن ربي يرعاني أنا مطمئن لأن كل ما يقدره الله خير لي اللهم لك الحمد 🖤,joy,0.766
2018-ar-joy-train-248,#فرحتي_بنجاحي مت بكئ اول ماشفت النتيجه نزلت ع ركعبي واصارخ ماضاع تعبي ماضاع تعبي واهلي شفيها ميته بكى ويدفوني اول ماشافوهم,joy,0.719
2018-ar-joy-train-249,ربما السالفه كذب لايوجد معلم يسويها لأنها مخالفه للنظام يعاقب عليها ربما يصل العقاب للنقل التأديبي أو التحويل إداري #معلم_لطلابه_لن_يرسب_احد,joy,0.125
2018-ar-joy-train-250,من نجاح الى نجاح ياساره انت فخر لنا جميعا للاسف الاغلب مشغول #بنت_ترامب وتمجيدها مو فاضي لبنت بلده وإنجازاتها #ساره_بنت_احمد_الربيعه,joy,0.484
2018-ar-joy-train-251,الله يسعدك يالغالي وكل اعيادك فرح كل عام وانت بسعاادة 🌹 💙 💙 🌹,joy,0.719
2018-ar-joy-train-252,مساء الخير اتمنى لكم يوم خفيف جميل مفعم بالحيوية والنشاط,joy,0.417
2018-ar-joy-train-253,مصر كله على الدائرة 😂 😍 😂 مش عارف امشى 🚚 🚚 🕥 - يشعر بالحماسة,joy,0.21
2018-ar-joy-train-254,أحيانا بعض الكلمات يكون ثمنها عمر كامل من الألم لغيرك فانطق جمالا أو لا تتكلم خير شر,joy,0.281
2018-ar-joy-train-255,#ابتسم و لئن جرعت العلقما فلعل غيرك إن رآك مرنما طرح الكآبة جانبا و ترنما ❤️,joy,0.438
2018-ar-joy-train-256,• أنا مستعده أن أضحي بكل شيء أملكه مقابل أن أعيش شعور النشوة والشغف التي تقدمها لي الحياة أنا أندفع للحياة ولا أبالي,joy,0.391
2018-ar-joy-train-257,من تعلق بالله آتت الدنيا زاحفة إليه ❤\nومن هجر الله هجرته الدنيا \nرغم زحفه إليها 😗,joy,0.422
2018-ar-joy-train-258,#حروف_وقهوة #عيد_الفطر ليس ال #عيد من لبس #الجديد وأنماالعيد من امن الوعيدوليس لمن لبس الرقيق انمالمن عرف #الطريق #عيد_مبارك #اجازة #سعيدة,joy,0.483
2018-ar-joy-train-259,صوت الرعد بالنسبة لي أمان أكثر من انه خوف أحبه⛈ 💗,joy,0.422
2018-ar-joy-train-260,- - دائما شعور الرضا يمنحك سعادة في كل حال • - #مزنة_المحمود #مساء_الخير #رضا #شعور #بوح,joy,0.609
2018-ar-joy-train-261,كل سنة و انتى طيبة يا هداف 😂 😂 و عيد سعيد عليكى 😂 😂 💃 🏻 💃 🏻 💃 🏻 و عقبال مليون سنة يا رب 😄 😄 و ربنا يتوب عليكى من اعياد الميلاد فى الامتحانات🤣🤣,joy,0.656
2018-ar-joy-train-262,كل سنة و كل الفريندس اللي عندي طيبين سوااء اعرفك اوو معرفكش وعيد سعيد عليكم وعليناا ان شااء الله 😍 👐 #فرحةة_ليلةة_العيد 😘,joy,0.766
2018-ar-joy-train-263,الناس الخلصوا امتحانات خلاص 📓\nمفيش دعوه حلوه ليهم في رمضان😍\n\n#حلم_الحياه🌜🌜,joy,0.5
2018-ar-joy-train-264,رضا الصبح وانشراحه ما يتغير خصوصا صباحات رمضان 💖 ✨,joy,0.613
2018-ar-joy-train-265,قرب العيد ومعاي اصحاب يشبهون نعيم الجنة كل عام وانتي معاي وكل عام وانتي فرحتي❤️,joy,0.806
2018-ar-joy-train-266,#الغاليه_تستاهل من له قلب كبير يحمل كل الحب مثل قلبك من له حضن حنون واسع مثل حضنك من لديه لوحة باسمة الطلة مثل وجهك (أمي الغالية)❤,joy,0.672
2018-ar-joy-train-267,الحياة كالمرآة نحصل على أفضل النتائج عندما نبتسم لها #ابتسم #ابتسامة_النجوم,joy,0.594
2018-ar-joy-train-268,اذان الجمعة على اصوات المطر رائحة البخور قهوة امي ضحكة ابوي ما بقى حزن بالدنيا,joy,0.531
2018-ar-joy-train-269,واللي كلامهم زي المطر يسقينا\nوينبت فينا من كلامهم ورد !\nكيف نجازيهم ياربي ؟💕,joy,0.484
2018-ar-joy-train-270,انتي جنه ف حد ذاتك 💟 انتي ذاتك شئ كبير 😍 انتي ضحكه ف وقت حزن 🤗 انتي وقت الشر خير 🌷 ⚘,joy,0.625
2018-ar-joy-train-271,الف مبروك ومن صبر نال والله يديم عليكم الفرح والسرور,joy,0.75
2018-ar-joy-train-272,#قااالولي عشان توقعها في حبك #ضحكها ~_|~\nو اول ما #ضحكت انا اللي وقعت💖😍💖\n❤...#اصل_الحكايه...,joy,0.578
2018-ar-joy-train-273,#السعادة ليست حلما وليست وهما هي #تفاؤل وحسن ظن بالله وصبر بغير استعجال كن واثقا بأن اليد الممتدة إلى #الله لا تعود فارغة أبدا,joy,0.422
2018-ar-joy-train-274,مو باقي غير الاهلي يجملها بكره وتكتمل فرحتي 😍😍,joy,0.609
2018-ar-joy-train-275,#ايه_الي_هيحصل_لو\nمرتضي منصور مات 😃,joy,0.141
2018-ar-joy-train-276,ضع قدمك علي اول طريقك للنجاح وعيناك عند اخره - يشعر بالحماسة,joy,0.281
2018-ar-joy-train-277,#السعادة كن مع الله ولا تحسد أحدا ولا تحقد وعش ببساطة مهما علا شأنك توقع خيرا مهما كثر البلاء وتعلم العطاء ولا تنتظر الرد,joy,0.548
2018-ar-joy-train-278,مفيش حاجه مبهجه انهارده غير اعلان  cristiano ronaldo ❤\nI love you bgd 😂😍❤,joy,0.781
2018-ar-joy-train-279,#فرحتي_بنجاحي الحمد الله بشرني بنتيجه فرحة قلبي وشفتني دهرآ الم الدراسه لحظه وتنتهي لكن اهمالها وتركها الم يستمر مدى الحياة 😍,joy,0.828
2018-ar-joy-train-280,#حائل #حكم #تفاؤل #سعاده #راحه كونوا دائما متفائلين ف 💝 ربنا 💝 -عزوجل- عند حسن ظن عبده به 😊,joy,0.672
2018-ar-joy-train-281,- شوق عظيم ل ليالي رمضان و روحانية رمضان فاللهم حسن البلاغ 💛 🌸 ',joy,0.578
2018-ar-joy-train-282,لاشيء أجمل من غسل وجه الحزن بإبتسامه وإطفاء الضيق بالاستغفار ابتسم ليس بالضرورة فرحا وإنما ثقة وتفاؤل بأن الله لن يخيب ظنك 💙 🌸,joy,0.565
2018-ar-joy-train-283,يسعد قلبك ويملي أيامك بهجة وسعادة يارب 🍕 🍕,joy,0.656
2018-ar-joy-train-284,بحب جدا الناس البسيطه اللي كلمه صغيره او خروجه عاديه او قعده حلوه ممكن تفرحهم بحب اتعامل معاهم جدا وممكن يفضلوا ع بالي طول الوقت 💙,joy,0.703
2018-ar-joy-train-285,#فرحتنا_بالعيد_تكمل_ب رضا ربنا,joy,0.672
2018-ar-joy-train-286,امبارح كنت هعمل حاجة وكسلت وقولت بكره  وحاليا بحمد ربنا انى كسلت والله وياريت اكسل كده ع طول 😅,joy,0.344
2018-ar-joy-train-287,لو اجتمعو ع ان يضروك بشيء لن يضروك الا بشيء قد كتبه الله لك 😍 #اطمئنان,joy,0.367
2018-ar-joy-train-288,#عيدكم_مبارك كلل عام وانتم بخير جميعا وعسى اعيادكم كلها فرح وسسعاده 💞 💌,joy,0.578
2018-ar-joy-train-289,كل عام واعيادنا اجمل بوجود والدينا وهم بصحه وعافيه وجميع افراد عائلتي الغالية كل عام والجميع بخير,joy,0.766
2018-ar-joy-train-290,مركز أبولو دبي و مركز أبولو دبي فرع أبوظبي يتمنو لكم عيد فطر سعيد ومبارك #أبولو #عيد_الفطر #تبريكات #دبي #أبوظبي #رجال #معايدة #فطر_سعيد,joy,0.484
2018-ar-joy-train-291,هي حبيبتي عند الحب و صاحبتي عند المزاح نجمتي وقت العتمة و حنية الأم و الأب في تعبي وحيدة قلبي و كل البشر في وحدتي هي الكل و أنتهى 💚,joy,0.5
2018-ar-joy-train-292,كل سنه وكل حبايبي بخير وسعاده😍\nويارب تكون ايام جميله علينا كلنا ونكون الي الله اقرب 😍❤️\nرمضااااااااااااااااان كريم 😉💐🌹,joy,0.79
2018-ar-joy-train-293,#دعوة_لولي_العهد_محمد_بن_سلمان انا متفائل انه راح يقود المملكة ل مستقبل مشرق بأذن الله كان الله معك في اي خطوه وقرار تتخذه,joy,0.419
2018-ar-joy-train-294,"#الطايف_الان\nريحة #مطر و لفحَہ هوا و لون الغيمّ  والمطر 💦\nو آشياء مَا عنهَا غنىّ ، و ياللہ حيّہ هالمساء 💕☁",joy,0.438
2018-ar-joy-train-295,#شور_بيت18 اللهم قوة ثم راحة بال ثم إستجابة لأدعية نتمناها كثيرا,joy,0.371
2018-ar-joy-train-296,المشكلة الحقيقية انك بتبقى مندفع بالنشوة دي وبتقفز قفزات واسعة والانفتاح بيساعدك ع دا ومبيبخلش عليك …,joy,0.391
2018-ar-joy-train-297,القهوة ☕ لمن يعرفها مثلي هي أن تصنعها بنفسك لا أن تأتيك على طبق؛ لأن حامل الطبق هو حامل الكلام والقهوة رفيقة السكون مساؤكم طيبة وبهجة 🌷 🌹,joy,0.484
2018-ar-joy-train-298,"ثم #ضاقت فجأه بيگ ،، ثم #ربگ مش ناسيگ ،، ثم #فرحة فـ الطريق ،، ثم #تفرج بعد ضيق 😍✋🌸",joy,0.468
2018-ar-joy-train-299,قبل العيد كنت اتمرن ساعتن يومياً قطعت اسبوعين رجعت لحين يدوب تمرنت ٢٠ دقيقه ماعاد فيه لياقه 😊,joy,0.266
2018-ar-joy-train-300,عيد ميلاد سعيد لامية حبيبتي بطول العمر والسعادة والهناء تتحقق لك كل امانيك الجميلة في الحياة,joy,0.688
2018-ar-joy-train-301,@OHelou2 عشان مش حنحس بهاي الفرحة في الجامعة  فخلينا نعيشها هلأ😂,joy,0.563
2018-ar-joy-train-302,اليوم حلمان بالسيباس قمت من النوم ناشف ريجي وميت من اليوع 👀 أخوي هذا من #الرجيم وله من #غنجةوملاس 🐟 #تعبان #حلم 😑,joy,0.145
2018-ar-joy-train-303,علي الكلثمي جمع مابين الفكاهة والطموح والصبر تعلمنا منك أشياء كثيرة منها طيبة القلب وتسامح العفوية #علي_الفارس_الفخم,joy,0.453
2018-ar-joy-train-304,@silvrena يب كل هذا التشويق لازم عندهم كم قنبلة مجهزينها للمعرض,joy,0.297
2018-ar-joy-train-305,في بنت خالي عزيزة عليا كتير بشهر جويليا زفافها الله يخليها لزوجها و يرزقهم الاولاد الصالحين,joy,0.5
2018-ar-joy-train-306,عش صباحك على أنك شخص سعيد افرح ولا تفكر بالواقع المر اصنع من الصباح بسمة أمل تنسيك كل شيء يوجعك,joy,0.594
2018-ar-joy-train-307,#مبسوط 😊 وفخور #انا الليلة #شفت نفسي في #التلفزيون 😍 😍 🏃 #بعد-ما-قفلتو 🐸,joy,0.75
2018-ar-joy-train-308,ساره أسألي ظافر النهاية راح تكون سعيده او لا #حلاوة_الدنيا #تفاعلكم,joy,0.391
2018-ar-joy-train-309,سعيد 🙈 😻 ربنا يسعدك دايما بالخير 🙋 ❤ وينور قلبك بالفرح والسعاده يارب دايما 💕 🍫,joy,0.688
2018-ar-joy-train-310,متل ما اجا #مطر💦 بنص #الصيف🌼 رح تجي #فرحة😍 بنص #الوجع💔 #يارب🙈❤,joy,0.484
2018-ar-joy-train-311,#عوده_اخطر_معلمين_في_العالم\nوعليكم السلام ايوه صباح الانشكاح,joy,0.438
2018-ar-joy-train-312,احلى اشي بسهرات الاعراس انك بتفرغ طاقتك السلبية وبتعيش الجو بفرحة وانبساط مع العريس واهله,joy,0.656
2018-ar-joy-train-313,#بهجة_٢٤ ٣٩ دكتورة فاتن 😍 😍 💚 إلهي يسعدها على اللطافة اللي تملكها تجيب السعادة و الله :),joy,0.855
2018-ar-joy-train-314,اجمل فرحة #مليون_معجبين,joy,0.766
2018-ar-joy-train-315,عايزةاشوفك بتمثل كوميدى يا عباس لان فيك حس الفكاهة انك تقول كلام عادى جدا واللى قدامك يموت ضحك وانت ولا الهوا #حكايات_بنات3_الحلقة_السادسه,joy,0.406
2018-ar-joy-train-316,#هدير_وبيبو_وفولورز_HBD كل سنه وانتي طيبه يادودو وبعوده الايام تفرحي وتتهني وب عيدك نغني ونضربلك سلام 😂 😂,joy,0.609
2018-ar-joy-train-317,@Latifasayyar انا اللي يحب حبيبه ويصونه وقت جوعه 😊,joy,0.339
2018-ar-joy-train-318,وقت يجي الفرح #افرح حتى لو لحظة لانك ما بتعرف امتى يدق الحزن بابك اصبحنا واصبح الملك لله 🌷 😍 😊,joy,0.563
2018-ar-joy-train-319,انو السعادة بتلبئلييييي,joy,0.656
2018-ar-joy-train-320,هوا أنا مبسوط بس مش عارف ليه؟ بس المهم إنى مبسوط وخلاص مش لازم أسال يعنى.,joy,0.828
2018-ar-joy-train-321,أمل حياتي\nالأغنية دي الحانها عظيمة بطريقة مبهرة والأغنية ككلمات مش لاقي فيها جمله او كوبليه او مقطع اي كلام الاغنية كلها لازم تتسحل معاها,joy,0.661
2018-ar-joy-train-322,✨ تقبل الله منا ومنكم ✨ وعيدكم بهجة لا تغادركم أبدا,joy,0.578
2018-ar-joy-train-323,لا شيء أجمل من غسل الحزن بإبتسامة وإطفاء الضيق بالاستغفار ابتسم ليس بالضرورة فرحا وإنما ثقة وتفاؤل بأن الله لن يخيب ظنك 🌺 صباح التفاؤل,joy,0.547
2018-ar-joy-train-324,@Hameess شوف الكذابين والله دي أدى إلى انبساط وانشكاح شعبي 😂😂,joy,0.422
2018-ar-joy-train-325,راحة البال #جوهرة كثيرة الثمن فى ايامنا هذه يابخت من يقتنيهاا 😗,joy,0.328
2018-ar-joy-train-326,اللي ميفرحش ليك متفرحش ليه و سيبك منه😂😂😂😂😂,joy,0.25
2018-ar-joy-train-327,مشكلتي لما اكون سعيده ماعرف انام 😂,joy,0.625
2018-ar-joy-train-328,@sjalmulla شفته قبل اسبوع ومتشوقه عليه وايد الصراحه 😍😍😍 بالتوفيق يارب ❤️,joy,0.578
2018-ar-joy-train-329,مفيش دقيقة بتعدي من غير ضحك هموت 😂 😂,joy,0.887
2018-ar-joy-train-330,باذن الله ورضاه تكونين ك اميرة الاندلس ع راسها تاج من ذهب فخر وشموخ وعزة واصالة ذات طابع عربي /,joy,0.629
2018-ar-joy-train-331,والله م عايز غير كوباية شاي وبوسة حب ورضا بالحال 🌸 💙,joy,0.453
2018-ar-joy-train-332,_ يآخذني من قمة إعتآبي ب #ضحكه حتى خطاه #اتساهله لآ ضحك لي 💛 ء,joy,0.672
2018-ar-joy-train-333,وحنا ندعمكم ياوليد انت وطارق أزهاره 😂👌🏻 #المعزب23,joy,0.274
2018-ar-joy-train-334,عملتوا ايه يا مجموعه اوساخ يا حبايبي يا ولاد الكلب هموت وربنا 😂 😂 💔 اعملها يا راجل يا طيب ياعره 😂 #ريح_المدام #بهجت 😂 😂,joy,0.323
2018-ar-joy-train-335,افتح خزائن ذكرياتك شوف الصور هتلاقي قلبك يرتعش حب وشجن 😂 😂,joy,0.433
2018-ar-joy-train-336,#الفرحه_انك تفرح حد غلبان بجد كفاية عيون الفرحة والسعادة لما يفرح بتحس انك انسان ليك قيمة ❤,joy,0.75
2018-ar-joy-train-337,#بهجة_أمل ٤٦ لما اشوف الحمام 😍 و هم متجمعين يأكلون ززرعوا كمية دهشة و سعادة بقلبي فكروني بحمام الحرم انهم كيووت 😍 😍 💕,joy,0.797
2018-ar-joy-train-338,أشهر عبارتين في العالم #I_LOVE_YOU #MADE_IN_CHINA والعبارتين مافيهمش لا #أمان و لا #ضمان,joy,0.234
2018-ar-joy-train-339,@taherabed2 قرات الخيميائي وشيفرة دافنشي جبتها من وقت قريب 😀\nبس الجحيم مين الكاتب؟\nوشكرا🌸🌸,joy,0.258
2018-ar-joy-train-340,"-الا تعلمين مين هي نجمتي وضياء قمريِ!\n-لا،أخبرنيٰ.\n-أنتي هيا يا حبيبتيِ\n#أمل",joy,0.594
2018-ar-joy-train-341,ايه كمية الانشكاح دا مش فاهمه 😂😂,joy,0.672
2018-ar-joy-train-342,الف مليون مبروك الثقة الملكية أمير شاب وممارس للرياضة مثلك واثق انك راح تسوي نقلة كبيرة كلنا ثقة فيك ❤️❤️,joy,0.609
2018-ar-joy-train-343,@Als3raan1 بالتوفيق وبالرفاه والبنين ومنه المال ومنها العيال 😗,joy,0.547
2018-ar-joy-train-344,وأحيانا الدنيا بتحاسبنا علي أشياء مالنا ذنب فيها وبنلاقي نفسنا بندفع تمنها بدون وجه حق,joy,0.172
2018-ar-joy-train-345,انتي مرح و فرح و بهجه وسرور وكل أسباب السعاده 😴 ❤️❤️,joy,0.797
2018-ar-joy-train-346,@F1408a هههههههههههه\nالله يسعدك أم حمود ضحكت من قلب..\nصباحك #سعادة ي الغلا,joy,0.781
2018-ar-joy-train-347,#السعادة 🌸 لا تحتاج إلى معجزات 🎶 كل ما تحتاجه #قلب متسامح 😍 وجه #مبتسم 😝 #قناعة_بالنصيب ❤ و ثقة تامة بالله 💜 #شيكو,joy,0.766
2018-ar-joy-train-348,عيدك مبارك والسعد فالك وتبقى راس مال يا صاحب ماتكمل الاعياد لين اعايده,joy,0.609
2018-ar-joy-train-349,ياعيد طلتك علينابها الهم ينزاح ويفرح بزولك كل طفلأ صغيري مايحمل من الدنيا سوى ضحك ومزاح وماهمه بالدنيا سوى الثوب الجديد #شور -بيت 18,joy,0.689
2018-ar-joy-train-350,انا لما طيرت الطيارة كنت فرحان فشخ,joy,0.805
2018-ar-joy-train-351,إن الفرح نكهة نحن صناعها حتى مع اولئك الذين ظنناهم سببا في ابتهاجنا نحن من اعطينآهم فتيل سعادتنا محبتنا لهم هي التي تشعلها وهي التي تخمدها,joy,0.391
2018-ar-joy-train-352,اليوم حلمت اني إضحك ع سين من الناس وصحيت بالضحكه 😄 😄 المشكلة اني يوم صار سعيد هه 🏃,joy,0.734
2018-ar-joy-train-353,وإنكتبلي أكون #معاكي وأبقي بيكي وأبقي #ليكي وأبقي ضحكه تفوت ف #حزنك تمحي كل دموع #عنيكي 🌹,joy,0.453
2018-ar-joy-train-354,#بهجة_أمل 💕\n٩٩.لماتنزل درجة المادة ماقبل الأخيرة 😍😍😍😍😍ياربي ايش اسوي أطير يعني ولا أنقز والله ايش بالضبط صارقلبي بستان شكرايارب لأنك معايا😍💕,joy,0.766
2018-ar-joy-train-355,دايما الشب يلي بكون هادي قدام الناس هو الي بكون رئيس العصابة مع صحابه 😜😛\n#بهجت_الاباصيري\n#مرسي_الزناتي,joy,0.323
2018-ar-joy-train-356,قمت من النوم احس بسعادة مدري وش صاير بس كذا فجاه,joy,0.758
2018-ar-joy-train-357,عن حلاوة شيرين رضا والله,joy,0.406
2018-ar-joy-train-358,@ama__ana ههههههههه انا بحب التشويق جداً واصلا مبتفرجش ع مسلسلات بس دة شدني,joy,0.406
2018-ar-joy-train-359,@dena1985h احب حسابك و احب كل اللي تكتبيه جد تفيدينا كثير❤️الله يسعدك سعادة الدارين❤️❤️,joy,0.625
2018-ar-joy-train-360,#بهجة_أمل \n١٢٥.تصفحت رسوماتي القديمة و شفت الفرررق و التطور واضح بينها وبين الجديدة *أنا سعييييدة جدا*😍😄💕نفس بالضبط لما الانسان يشتغل ع نفسه,joy,0.781
2018-ar-joy-train-361,#الف_مبروك_800k_توام_سعادتنا\nاللهم اجعل ايام تؤامنا كلها بخير وسعاده وبأفضل حال شاهدين لكم لا عليكم تستاهلون وحنا معكم للملايين بأذن الله,joy,0.79
2018-ar-joy-train-362,موكا موكا موكا موكا تنين حلو و ظريف تنين أخضر تنين مرح و لطيف تنيني الامهر 💙 💃,joy,0.516
2018-ar-joy-train-363,#فرحه_قلبك_تتمثل_في رضا ربنا و حب الناس اللي حواليا و اني ابقي مطمن عليهم و بيهم 🙏,joy,0.594
2018-ar-joy-train-364,@mbc_fm @Ghada_AlAli هلا وغلا فيك صباح السعادة والرضا عليك وعلى المستمعين \nأشتقت أسمع صوتك من أول م دخلت الشهر م سمعت صوتك,joy,0.641
2018-ar-joy-train-365,#الفرحة_انك\nانك تسعد قلب حد تاني بيخاف عليك👉❤,joy,0.694
2018-ar-joy-train-366,اعلان 500500 مبهج جداا بس ليه لميس,joy,0.422
2018-ar-joy-train-367,فرحة مختلطة بخوف 🌝 ✨,joy,0.219
2018-ar-joy-train-368,مؤخرا أمارس لعبة مع نفسي أمسك قران أو كتاب و أفتح بعشوائية و أقول أول صفحة تطلع ببحث فيها برسالة موجهة لي وتناسبني بمرحلتي الآن #بهجة,joy,0.656
2018-ar-joy-train-369,عيد سعيد جدا 🙈 ما نعرف كلام كفار,joy,0.641
2018-ar-joy-train-370,#فرحة_رمضان   😉\n\nقولنا هتعمل ايه أول يوم رمضان 🤔\n\nالمايك معاك 🤗,joy,0.625
2018-ar-joy-train-371,إشتقت لأيام مدرسة #زعبيل وأيام المراهقة😗💃تخرجت 2008 يعني من 9 سنوات😳😟 كنه امس.كان همنا الدرجات بس كبرنا و كبرت همومنا معانا . انا #دراما 😅,joy,0.25
2018-ar-joy-train-372,بينيك امك يا ابن المتماكة يا خول اول مرة اشوف متناك فرحان ان امه واخته بيتناكوا,joy,0.109
2018-ar-joy-train-373,ابوي||تدور فرحتي وهي في مبسمك انت بس ابتسم ويبتسم قلبي معاك,joy,0.75
2018-ar-joy-train-374,صباحكم #مدريديستا 💪 ⚽ #فرحان من امبارح والله 😍,joy,0.71
2018-ar-joy-train-375,اللهم صديقتي اللي توّرد أزهار قلبي تَكُون دايماً مبسوطة 🌟💙.,joy,0.548
2018-ar-joy-train-376,دا كود شحن ب 60 جونيه بتاع الفرحة  \n\n92261696927170628\n  #فرحتك_قوة,joy,0.453
2018-ar-joy-train-377,لدي تفاؤل بقووة بعد تولي فهد بن خالد الأهلي راح يغرد بكم تغريدة ترد الروح ( الله ينفع به ) الدعوة التي كان سر توفيقه في صفقاته #الملكي,joy,0.581
2018-ar-joy-train-378,#افرحوا_المواطنين   المواطنة الكويتية اللي عليها قرض شنو وضعها؟ اذا كانت أرملة أو مطلقة وتعيل أسرة؟ هل تطل طول عمرها تدفع فوائد ربوية للبنك؟,joy,0.274
2018-ar-joy-train-379,@Souhair_Alqaisi تستاهلي\n كل خير يا #فخرنااا💕💕\nوان شاء الله كل أيامك #سعادة وتنوري وتشرفي وين مابتكوني\n⚘⚘🌙,joy,0.672
2018-ar-joy-train-380,من كثر #حبك يقولون مسحور وان كان #حبك سحر مبغى علاجه خله يسري #خافقن فيك مغرور ما دام سحرك غايته وابتهاجه قلبن #يحبك,joy,0.578
2018-ar-joy-train-381,كان يا مكان في حلو الزمان امرأة تقطف الأزهار كل صباح 💐,joy,0.406
2018-ar-joy-train-382,اللهم احفظ لي ضحكة ابوي و حنية امي و قلوب اخواني و سعادة اهلي يارب العالمين❣️,joy,0.641
2018-ar-joy-train-383,انا منشكحه انشكاح حلو قدن والله وبفكر اللي التايم 😂 😂 💃 💃,joy,0.781
2018-ar-joy-train-384,لا شيء أجمل من إشراقة صباح هادئ يقول لك فيه من يحبك صباح الخير فيغدو الصباح صباح الخير والحب والأمل والهدوء والنشوة وكل الأشياء الجميلة,joy,0.656
2018-ar-joy-train-385,الفرحه انك تعرف مين الي ليك  #الفرحة_انك,joy,0.625
2018-ar-joy-train-386,(اني لأجد ريح يوسف) الثقة وحسن الظن بالله تحيل ليل الهموم والغموم والأحزان إلى أمل وتفاؤل فلا تيأس استبشر وثق بعطاء الله #صباح_التفاؤل,joy,0.629
2018-ar-joy-train-387,ㅤ ㅤㅤ ㅤ ㅤㅤ ㅤㅤفي مبسمه كل السوالف لها ذوق وفي ضحكته صوت الفرح يطربني 💛,joy,0.578
2018-ar-joy-train-388,@dentistaheba الله يبارك فيك وايهنيك هبوش تسلمي ياحبيبه والفال ليك يارب تفرحي بفرحك وبتخرجك افضل دكتوره,joy,0.563
2018-ar-joy-train-389,ربي ادخل شهر رمضان علينا وانت راضي عنا واجعله شهرا تتبدل فيه ذنوبنا الى حسنات وهمومنا الى افراح واحلامنا الى واقع يارب العالمين,joy,0.563
2018-ar-joy-train-390,بجد المسلسل حلو اووي كل الحلقات هايلة وتموت من الضحك #سلطان-#بهجت 😍 😍 fahmy,joy,0.641
2018-ar-joy-train-391,"ألذ شعور بالعالم لما يجيك شخص تعابير وجهه مليئة بالحماس والتشويق ويرسل إيحاءات وإشارات لإستدراجك لسؤاله ""شصار "" وما تسأله",joy,0.531
2018-ar-joy-train-392,صور الريال و هو بيحتفل الChampions بتطلع قدامي عالتايم و مبسوط بيها عشان قاعد بسمع Trance بس و شايف صور فيها بشر positive و فرحانين يعني 😃,joy,0.565
2018-ar-joy-train-393,ولأن السعادة بيد الله نحن دائما بخير 🌹 #التفاؤل #سعادة #اعجبني,joy,0.758
2018-ar-joy-train-394,#ميلاد_جميلتي_داليا\nعلى طاري ميلادها ف انا اول المنتظرين حكايه تروي يوم ميلاد صديقتي احبك يامن ستبلغين عمرا جديد 💕\n@daliahazza,joy,0.672
2018-ar-joy-train-395,بحة صوتك تمليني رضا,joy,0.516
2018-ar-joy-train-396,مساء الشوق يارايق يابسمة كل متضايق مساء بشخصكم لايق لأحلى وأغلى الخلايق مساء الخير 💮 💮,joy,0.563
2018-ar-joy-train-397,#BFF_G709 حب الأصحاب مختلف تماما ورد ورضا وأمان,joy,0.359
2018-ar-joy-train-398,"- - - حلو"" شعور الرضا يمنحك سعادة وطمأنينه • - #مزنة_المحمود #مساء_الخير #شعور #راحه",joy,0.797
2018-ar-joy-train-399,@__3fah اضحكي اضحكي اضحكي ع اي شي راح يروح العوار اسألي مجرب,joy,0.37
2018-ar-joy-train-400,"اهم حاجة الطقوس "" معلومة ع الطاير "" الطقس "" هو طريقة الوصول الى النشوة "" كل سنة و انت طيب يا حوبي",joy,0.266
2018-ar-joy-train-401,لعل ابي مُخلد في الجنه لعلهُ مسروراً بلقى الرحمن,joy,0.422
2018-ar-joy-train-402,#رمضان_في_رابعة يعني حب الخير لناس نت متعرفهمش بس البهجه والامل الي كنت في اعلي درجاته كانت بتخلينا طايرين في السما من الفرحه,joy,0.688
2018-ar-joy-train-403,أشياء تبث السعادة ك رضا الله ورضا الوالدين إبتسامة الإخوة أناس أحبوك لله وفي الله سلامة الصدر وصفاء القلب ونقيه,joy,0.563
2018-ar-joy-train-404,أصحابي هم عيدي وعيدالسنين هم بسمة فرح وفرحة عمر كل عام وانتو معاي 👭 ❤❤,joy,0.75
2018-ar-joy-train-405,كل الأماني الصادقة والمحبة الخالصة لكم ولمن تحبون كل عام وأنتم بألف خير فطر سعيد,joy,0.516
2018-ar-joy-train-406,اللى هو أنت خايف تاخد خطوة #للمجد لتندم وخايف تفضل مكانك في #اللهو لتندم برده :؛,joy,0.189
2018-ar-joy-train-407,اليوم ميلادها ويا عساها من اليوم لين الف سنه الضحكه تحتويها❤️,joy,0.531
2018-ar-joy-train-408,@zahraelmasry15 احلى ابتسامه ربنا يتمم شفاكى ع خير والرب يكون معاكى دايما 😊,joy,0.594
2018-ar-joy-train-409,ما كنت متخيل انها على ارض الواقع بهذا الجمال اه يا جماله بتزوجه خلاص لقيت اللي طولي عمري اتمناه و كان مالي المكان سعادة و متعة 😻 🔥,joy,0.734
2018-ar-joy-train-410,اول مرة حطيت مكياج بعرس خالي امي الحنونة مكيجتني بأيديها الحلوين الله على لمسات أيدين امي الحنونة لمسات حب و حنان❤️,joy,0.578
2018-ar-joy-train-411,🎀 كيف نجتمع على حافة الرسائل الإلكترونية التي ﻻ تملك رائحة وﻻ تفاصيل 🥀 #سحر_خانوم,joy,0.161
2018-ar-joy-train-412,#BF_باقي_3_ايام اللهم اجعل ختامها مسك وطيب بالافراح أيام قناة BF الغالية ويجعل طيب صيتها في الأعالي يارب العالمين,joy,0.531
2018-ar-joy-train-413,تذكر بهذا العمل البسيط بتدخل سرور عليهم ممكن يكون مهموم وبكلمة وحده او دعوة او ضحكة تغير له يومه بأكمله جرب ماراح تخسر شيء 😘,joy,0.484
2018-ar-joy-train-414,باذن الله اجمل تفاؤل بالخير,joy,0.656
2018-ar-joy-train-415,#الاهلي_ذوب_اهن ثقوا بالاهلي وإذا تاهت بكم الثقة مع الاهلي ثقوا بالفرح الذي لا يعرف المضي في طريق إلا مع الاهلي 😴 💚 #مبروك الفوزز ياملوك,joy,0.484
2018-ar-joy-train-416,يتعانق حبك في قلبي مع نبضاتي يسمعني لحنا فيه سلام لحياتي #حضنك_كفايتي,joy,0.609
2018-ar-joy-train-417,#السعادة هي أن يقال اسمك في دعاء أحدهم كل يوم و أنت لا تشعر يارب سخر لنا من عبادك من يدعون لنا,joy,0.645
2018-ar-joy-train-418,الفرح قناعة داخلية اذا ودك تفرح راح تفرح وتكون سعيد والعكس صحيح,joy,0.547
2018-ar-joy-train-419,اجمل منطقة اسلامية حيوية في العالم الي يروح ليها مره هيرجعلها تاني,joy,0.516
2018-ar-joy-train-420,#اهداء من #المحب_العنيد ⚶ ⚶ للمبدعه والمتالقه #حنين 👑 👑 بمناسبة#وصولها ☽#50k☾ 🐥 🐥 الف مبروك شاهدين لكي بالخير طيروها,joy,0.609
2018-ar-joy-train-421,ثلاث نقاط مهمة بالنسبة لأي شخص .. \n-طلع يلي في قلبك مع شريك حياتك \n-استمتع بحنان أهلك\n-إصنع الإبتسامة لأصدقائك☺\n#أنس 💙,joy,0.371
2018-ar-joy-train-422,و تمر في بالي مثل الصبح مسرور شمسك تجيب النور و ضحكاتك ظلالي ❤️,joy,0.677
2018-ar-joy-train-423,"@Sara_Ezat1 لا مش حاجه عامة،  زي المصريين فيهم كويسيين جدا وفيهم عربجية 😀، وفيهم دمهم تقيل  بس 😀",joy,0.242
2018-ar-joy-train-424,لا يرد الله يدا رفعت اليه تقبل الله منا ومنكم صالح الاعمال حبيبتي #بسمة,joy,0.344
2018-ar-joy-train-425,النقاش مع شخص تحبه وتثق فيه مفيد جدا في تخفيف التوتر والاكتئاب ويمنحك ثقة كبيرة في نفسك #متي_تتخلص_السعوديه_من_التشدد,joy,0.219
2018-ar-joy-train-426,دايماً .. كنت على إستعداد تام للتضحيه بجميع ما أملك وأخسر جميع علاقاتي من أجل سماحة خاطري ورضا مزاجي ولا زلت.,joy,0.281
2018-ar-joy-train-427,فرحة امبارح وفرحة النهاردة 👏❤\nوالله بنسى تعب الامتحانات والمذاكرة والارف \nبمجرد ما بتفرج ع الأهلى والريال 😍,joy,0.871
2018-ar-joy-train-428,@AlmajdChannels @mjeed999 .\n.\n\n#دكان_الحارة16\n\n1286 ريال\n\nولنا معكم لقاء ي مجدنا ويا فخرنا 😘\n\nيالله عفوك ورضاك والجنه 😘🌹,joy,0.453
2018-ar-joy-train-429,رغبه قويه اعرف أخبار شخص انقعطت لمدة طويله فضول لا اكثر ولا اقل 😪,joy,0.188
2018-ar-joy-train-430,ودي تحضنيني بالحكي ودي لو تجين وتقولين اشتقتلك ودي وودي منك كثير بس وينك,joy,0.403
2018-ar-joy-train-431,كوني كما تكوني دائما عفوية مرحة شقية طائشه محبة للحياة متأنقة ذكية قوية لا شيء يهزمك كوني أقوى مما يظن الجميع وأقوى مما تظننين 👌 #فرحه 💖,joy,0.5
2018-ar-joy-train-432,كل سنه وانتي بخير ياقلبي وكل سنه وانتي سعيده يارب 😍 ❤️ 🎈 🎈,joy,0.688
2018-ar-joy-train-433,"@malrubaa اجدت وافدت وقسما بالله انك ابدعت،ولا اعتقد ان احد شاهد هذي الحلقة وما ضحك من قلبه😂😂😂انت تملك روح الدعابة والطرفةمنقطعة النظير👍🏽👍🏽",joy,0.781
2018-ar-joy-train-434,#قناعة حياتك من صنع أفكارك سعادة الإنسان أو شقاوته أو قلقه أو سكينته تنبع من نفسه وحدها ☕,joy,0.469
2018-ar-joy-train-435,"صباح الفٌل، بعد حديثك عن أزهار الفٌل، مررتٌ على مشتل و سألته عنها، بعد رؤيتها زاد حنيني لك و روحي تغير حالها و صار الصمت يغلب علي.",joy,0.328
2018-ar-joy-train-436,@Yasser_Y20_Y20 @hamzah20200  انا أحب ياسر وأتمنى يحرث الملعب حرث \nللأسف ماعنده شي يضيفه غير الترزز للفلاشات \nهذا هو الواقع  😗,joy,0.281
2018-ar-joy-train-437,الف الف مبروك للشاعر/محمد بن مصوي اتمنى لك التوفيق والنجاح وباذن الله تعالى المركز الاول 🌹 #جائزة_كتارا_لشاعر_الرسول,joy,0.594
2018-ar-joy-train-438,#ترفيه_الطيبين جدو سرحان من مسلسل بابا فرحان,joy,0.469
2018-ar-joy-train-439,سبحان من جعل #تكبيرات_العيد 🎈 🎊 🎉 🎈 مصدر #بهجة و #راحة للقلب بعد فراق #التراويح 💔 ~•,joy,0.781
2018-ar-joy-train-440,@Noorkhamis2 حلوة ترى قلتها للي معاي في الجم صار ضحك وفكاهة,joy,0.533
2018-ar-joy-train-441,يرى الله مكابدتك للحياة بقلب واثق به؛ اطمئن لن يضيعك 🌸 #طمأنينة,joy,0.422
2018-ar-joy-train-442,"#ميلاد_الجميلي أخاف حد يسبقني ويهنّي قلبك الطّيب،وأحب أشوفك متهنّي،وكل سنة وأنت بخير,وأحبك يااجمل صاحب الله يديمك.",joy,0.469
2018-ar-joy-train-443,🐌:احلي اماني ف الدنيا❤\nطيبة جداً ومبهجة كدا محبوبة اوي وجدعة ومحترمه وانا حبيتك والله ي حلوة💙,joy,0.758
2018-ar-joy-train-444,عيش مع إللي يشتري الفرحة معك مايتخلى ولا يمل ولا يثقل عليك👌🏼,joy,0.435
2018-ar-joy-train-445,فستاني وصل احسني سعيدة 💃 🏻 😩 💘 لكن احس لو اكل لقيماتة وحدة من الحين لنهاية الشهر مابيتسكر يوم الزواج🤦 🏻 ‍♀️ 😂,joy,0.75
2018-ar-joy-train-446,ده عيد تحرير سيناء في بهجة عن العيد ده والله 😂 🙂,joy,0.419
2018-ar-joy-train-447,كل الناس نزلت رواتبها تقريبا \nإلا رواتب المتقاعدين \n#بنك الإثمار\nعسى ماشر \n\nوراهم عيد مو ضروري فايدة هالشهر \n#Bahrain,joy,0.274
2018-ar-joy-train-448,ترتعد يبكي قلبك بحرقه كلما تذكرت من أحببته وابكاك ثم تسعى جاهدا لتنسى لكنك تتذكر وتزداد حزنا لا تحزن عيناك حلم آخر سيجد الطريق إليك,joy,0.156
2018-ar-joy-train-449,الرسوم المتحركة إنتاجها جدا لطيف وفيه ذكاء 🌿 😊 🌿 🌿 💐 🌿,joy,0.419
2018-ar-joy-train-450,يارب بحق سقوط المطر حقق كل أمنياتي وابعد عني وعن احبتي كل شر واحفظهم لي 🙏 #مطر 💦 💦 💓 💓,joy,0.438
2018-ar-joy-train-451,@h3yran والله ياخوك مدري بس الافراح كانت عارمه😂💔,joy,0.672
2018-ar-joy-train-452,اقول لك تصبح على خير الدعا واجمل سلام و اصبح على صدق المحبة واجعل الخافق طهور #سعيد #جروب_النخبة,joy,0.328
2018-ar-joy-train-453,بعيد عنك .. حياتي عذاب\nمتبعدنيش بعيد عنك\nمليش غير الدموع أحباب\nمعاها بعيش بعيد عنك #كلثوميات,joy,0.266
2018-ar-joy-train-454,انت حد كويس ياض 😃\nقالك الدنيا مش كده 😏\nEmad A. Adel,joy,0.313
2018-ar-joy-train-455,#لليله_القدر_وعلاماتها الطمأنينة أي طمأنينة القلب وانشراح الصدر من المؤمن فإنه يجد راحة وطمأنينة وانشراح صدر في تلك الليلة,joy,0.547
2018-ar-joy-train-456,#بهجة_أمل ٧٤ الحمدلله على شعور السكينة و السلام اللي بحس فيهم *فيس مغمض عيونه في حالة استرخاء و هدوء نفسي* :) 🌼 💛 🌼 💛 🌼 💛,joy,0.766
2018-ar-joy-train-457,بما ان النهارده كانت اخر ماده وحليت كويس وفرحانه وكدا فأنا محتاجه حد يكمل فرحتي وياخدني يعزمني ع الفطار 💃👏,joy,0.75
2018-ar-joy-train-458,اذا بانت البسمه على وجهك احس إني انا المسرور❤.,joy,0.797
2018-ar-joy-train-459,#بهجة_أمل ٤٧ صديقة أختي الصغيرة تجيب السعادة و الله هه كيوت 💕 💕 🙈,joy,0.871
2018-ar-joy-train-460,احياناً السعاده تكون ع هئيه شخص محد ينكر هالشيّ👌🏻..,joy,0.719
2018-ar-joy-train-461,وقفت تقديرا لها يوم مرت جابتلي الفرحه وانا كنت مهموم,joy,0.641
2018-ar-joy-train-462,"ربّنا .. جدّد فينا روح التفاؤل والأمل\n ولا تجعلنا ضُعفاء أمام ظروف الحياة\n أزرع فينا الطاقة الدائمة  \nوحبّب لنا أيّامنا كيفما كانت يا الله،",joy,0.484
2018-ar-joy-train-463,انا بالضبط دخلت طب واتخرجت اكرم حسني 😂😂#بهجت #ريح_المدام,joy,0.313
2018-ar-joy-train-464,عامل الناس ب لطف و طيب فالكلمة الطيبة خير و الابتسامة خير حتى انصاتك لصديقك المهموم خير و الاجمل من هذا سعادة قلبك بعد ذلك كله❤️ 🙂,joy,0.406
2018-ar-joy-train-465,علينا وعليك يبو فرحان كل عام وانت طيب,joy,0.613
2018-ar-joy-train-466,صباحي في اتم الارتياح انك الحلم الذي تحول الى واقع بمشاركة الاماني واحلام بالمنام,joy,0.625
2018-ar-joy-train-467,"كمية قناعة اعيشها ، لي فترة و انا اسلك لنفسي و كل هالتسليك عشان ٩ ايام اجازة 💔",joy,0.453
2018-ar-joy-train-468,اتمنى لك احلام سعيدة فيني❤️,joy,0.625
2018-ar-joy-train-469,#فرحتي_نجاحي في مجتمعنا يرون أن إنجاب الذكر أمل والأنثى خيبة رغم أن حلم كل رجل أنثى وخيبة كل أنثى رجل ✋,joy,0.563
2018-ar-joy-train-470,لا يكتمل الفرح والسرور الا بتشريفكم أصدقائي #أفراح_آل_عبدالعزيز,joy,0.726
2018-ar-joy-train-471,@ZaroutaYoucef هدا يعني اخي الكريم انه يحق لك الاكل و التمتع بقليل من الدلاع و الخبز شهية طيبة 👌🍰🍪🍔🍮🍭🍹🍎🍉🍉🍞,joy,0.297
2018-ar-joy-train-472,توكل على الله مع التهليل والتكبير وتزول هموم القلب ويعيش مرباعه 🌹,joy,0.516
2018-ar-joy-train-473,بقولها بكل فخر انا مش متابع اي حاجة في التلفزيون في رمضان #راحة_البال,joy,0.359
2018-ar-joy-train-474,إعجاب + حب + زواج = نهاية سعيدة,joy,0.531
2018-ar-joy-train-475,ياارب تكونوا سبب فرحة امي بالايفوون 🙏 😍 ياارب وفقني 💔 ٢٩ ابريل ٢ ١٥,joy,0.672
2018-ar-joy-train-476,يدبر الأمر من السماء إلى الأرض #راحة ❤️,joy,0.516
2018-ar-joy-train-477,متطوعو الاردن الأن مع الاطفال يقضون ساعات من الفرح في حديقة الحيوان 😍 😍 #متطوعو_الاردن #تطوع #سعادة #احسان #نفطر_سوا,joy,0.517
2018-ar-joy-train-478,السليماني : فخور بتأهلي لنهائيات كأس العالم لألعاب القوى بكينيا واتطلع لتحقيق مركز متقدم #سلطنة_عمان #أخبار #رياضة,joy,0.403
2018-ar-joy-train-479,#مطر دعيت لك تحت المطر م أشوف بعيونك حزن ❤️,joy,0.453
2018-ar-joy-train-480,#الفرحه_انك تعرف ان ربنا راضي عنك وميكنش غاضب عليك ❤,joy,0.774
2018-ar-joy-train-481,مانا لو محستش ان بيتي مقبرة مش هروح \nولا عايزاني أنتحر بره 😂😂\n#بهجت \n#ريح_المدام 2017\n@AkramHosny !,joy,0.25
2018-ar-joy-train-482,فول تعب عقب التمرين بس احلي شعور #خميس #ويكند #قطر #رياضة #الحمدالله,joy,0.359
2018-ar-joy-train-483,#ساعه_استجابه يارب اجعلني راضي بنصيبي في كل شيء في حزني وسعادتي وامنحني طمأنينة تجعلني ارضى بأقدار كتبتها لي 💜 ✨,joy,0.406
2018-ar-joy-train-484,دع إبتسامتك هي أول ملامحك فهي لك #صحة وفي الدين #صدقة وفي القلب #سعادة ولمن حولك أثرا جميلا #,joy,0.661
2018-ar-joy-train-485,فرحة دخول رمضان عالقلب تسوى الملايين :) الحمدلله اللهم انزل السكينة و الطمأنينة على قلوبنا ♥ ♥,joy,0.813
2018-ar-joy-train-486,"اليوم راح نبلش بالمشروع عند اشارة القرين ❤️😍\nالتوزيع راح يكون وجبة افطار صائم وهيا عباره عن : تمر ،  لبنه ، ماي ، لبن . \n#ابتسم_تكفى",joy,0.597
2018-ar-joy-train-487,"وابدأ افتكر كل حاجة حلوة من تاني كده، كمية التشويق اللي في الموضوع ده كبيرة جداً واتمني يكون في حد عنده نفس الرغبة دي عشان ماحسش نفسي عبيط",joy,0.297
2018-ar-joy-train-488,من شكلك ابتسام مطروبه,joy,0.5
2018-ar-joy-train-489,تتوقعون وش بيصير الاحد 😎😂 داىم يبهرنا سرور بااشياءه فااباذن الله شي جميل #سنابات_سرور_الروقي,joy,0.531
2018-ar-joy-train-490,اللهم يا حي يا قيوم جمل يومي بخبر جميل يثلج صدري و يبهج قلبي و فرحة لم أحسب لها حساب,joy,0.45
2018-ar-joy-train-491,#تتويج_الهلال ليلة كانت فرح والوان من السعاده والترف ليلة ذهب وشجن وطرب وجمال 💙 🎵 #ساره_سعد,joy,0.766
2018-ar-joy-train-492,يحكى بأن هناك عطور رائحتها ذكريات احلام سعيدة 💛,joy,0.641
2018-ar-joy-train-493,"كيف يصير شعوري لاشفت الهلال,الله لو تحسون بالفرح لاشفت الهلال😴💙",joy,0.547
2018-ar-joy-train-494,كل سنه وانت طيب يا ا خ و ي ا 💙 ❤❤ وعقبال مليون سنه سلكان وانبساط 😂 😘,joy,0.625
2018-ar-joy-train-495,والله بروج انتي من يوم ما اشوفك ابتسم لا شعوريا وجهك يجيب الانشكاح والتفاؤل ماشاءالله 😍 😂 💗,joy,0.844
2018-ar-joy-train-496,#متجر_قهوه_مجيد\nماشاء الله \nالله يزيدك ويبارك لك في رزقك\nتستاهل كل خير...\n\nمدري ليش كل م اشوفك تتوسع بتجارتك آحس بسعاده كبيره 😀,joy,0.656
2018-ar-joy-train-497,طيب لما انت موكوس ومعندكش روح الفكاهة بتكاب ذكية زكية ومهذبة مهزبه ليه,joy,0.235
2018-ar-joy-train-498,معاك احس الرضا محتويني ليتني من بدايات عمري عرفتك .,joy,0.641
2018-ar-joy-train-499,معاك أعيش فرحة بدون حدود\nوأحبك حُب أكبر من مدى سنينك💉❤️..,joy,0.891
2018-ar-joy-train-500,جهز الإبتسامة قبل أن تمد يدك للمصافحة فمصافحة دون ابتسامة لا تقرب قلبا ولاتمنح سعادة,joy,0.5
2018-ar-joy-train-501,#اسعد_امك_بسهم\nتصدق بنية ما تريد\nالوقف موجود اليوم بكرا مو موجود\nالوقف هذا لك بالدنيا والاخرة\nوالي خايف ان الوقف كذب\nالوقف كان بقناة بداية..,joy,0.375
2018-ar-joy-train-502,يا باغي الخير أقبل #فرحهم_ب_كسوة_العيد كن سببا لإبتسامة يتيم أو محتاج,joy,0.609
2018-ar-joy-train-503,كما انني اتمنى لو ان تتاح لي الفرصة بالدبلجة لقنوات الرسوم المتحركة لذا لا افهم هل اعتبر ما قلته لي اهانة مثلا 🙃 😂,joy,0.438
2018-ar-joy-train-504,اريد الإنتحار 🐸\nامنعني بثلاث كلمات خليني أشوف اسلوبك ف الإقناع 😃,joy,0.125
2018-ar-joy-train-505,في ناس كدا مجرد مانكلمهم لو دقيقة بنحس براحة وبنبقي فرحانين حتى لو قلنا ازيكوا وردوا بس ب الله يسلمك 💕,joy,0.703
2018-ar-joy-train-506,@A_F_alajmiii والله انك نشمي وكفو يا حبي لكم يا أهل الكويت 😘,joy,0.453
2018-ar-joy-train-507,@trust_21 @hlatebrohe احب الي يتكلم عن تجاربه لانه يشجع الاخر على هالمغامرة مش الي ينقل وبس فاشكرا لك ابرار,joy,0.266
2018-ar-joy-train-508,عيد ميلاد سعيد للفنانة الجميلة قمر طارق من الاردن من محبيكي و متابع لجميع أعمالك الفنية,joy,0.422
2018-ar-joy-train-509,"مُش أحياناً،إنما إنتِ دايماً في بؤبؤ عيني.",joy,0.375
2018-ar-joy-train-510,يارب كثر شعور الفرحه اللي من هالنوع يارب,joy,0.734
2018-ar-joy-train-511,خلي حياتك أغلبها #ضحك'😂 #فرح 😍🎵 #سعادة' ❤\n#اهتم' بالتفاصيل 😍 وتجاهل كل الشغلات' يلي بتعكر'\n مزاجك 😉😌 عيش' لنفسك #واسعدها 💙😌✋,joy,0.688
2018-ar-joy-train-512,انك تشوف حد عزيز عليك اوى مبسوط ده كفيل يخليك طاير من الفرحه 😍,joy,0.906
2018-ar-joy-train-513,يا حلو العييد فيك 😢 ❤️❤️❤️❤️❤️ #عيدنا_مع_شوج_تايم,joy,0.516
2018-ar-joy-train-514,يا صدقه اللي يقول الحب من ربي حبك بليا سبب ربي بلاني به #ساره_ناصر #حب #قطر #السعودية #الكويت #البحرين #الامارات #عمان #سعادة #فولو #لايك,joy,0.375
2018-ar-joy-train-515,@Dhahi_Khalfan @TheBattar هههههه ثقافة مجاري وصرف صحي🚽✋ شو تتوقع منهم يعني! أرض جدك سوت مشاكل 😅,joy,0.323
2018-ar-joy-train-516,23_ بحب ضحكتك جدا والله وانتي عسل ودمك خفيف جدا مبسوط اني عرفتك وبعزك جدا والله يعني وبرضه محدش هيكتبلك رسايل علي صراحه دادادا 😂 ❤️❤️❤️❤️,joy,0.797
2018-ar-joy-train-517,صباحكم سعادة ودفى ورضا وطمأنينة من الله ❤,joy,0.875
2018-ar-joy-train-518,#معهد_الفتيات\nشكراً لها عندما تعبنا أمسكت بنا و قوتنا \nجزاها ربِ كل خير على ما تقدم لإسعادنا ❤️\nكتب بحب لـ #أمل_محمد_الفراج\n@amal_alfarraj,joy,0.438
2018-ar-joy-train-519,"البنات اللي بكتبوا بالبيو عصبيةة و مزاجية و عنيدة...، ع شو فرحانة بالزبط !!",joy,0.291
2018-ar-joy-train-520,وحسدنى البشر ع اى وانا بدونك واى الدنيا سو عيوب سوا #حضنك 😍 فى وقت الخوف 😰,joy,0.359
2018-ar-joy-train-521,تمديد الإجازة لتكون بداية الدوام يوم الاحد ١٥ / ١ ##الفرحة مليوون ه الخبر ##,joy,0.75
2018-ar-joy-train-522,@sleimanfrangieh @rimafrangieh يا فرنجيه مين ادك كل اناس بتحبك ما تشغل بالك في جبران مش محرز يضيعلك وقتك #عرس_الزعامه,joy,0.516
2018-ar-joy-train-523,#رمضان_كريم يارب شهر الخير اقبل بالافراح لا تحرم اللي يرتجي منك غفران انزل علينا رحمة منك نرتاح نرفع يدينا نرتجي منك رضوان #لخبطة,joy,0.548
2018-ar-joy-train-524,دام بدايتها ضحكه يعني حب كوعك,joy,0.563
2018-ar-joy-train-525,حاول انك تكون للناس الي حواليك 😍\nضحكة 😁 فرحة 😊 ملجأ 👌 دعوة 🎀 \nوتأكد انه السعادة الي بتعطيها لغيرك 🙈 \nرح ترجعلك بيوم من الايام .. ويمكن اكتر,joy,0.766
2018-ar-joy-train-526,@anaahabiba17 تسلمى وتعيشى ربنا يسعدك ويهنيكى يا عمرى,joy,0.5
2018-ar-joy-train-527,@ana_khlod باقي ساعتين ونص 😄,joy,0.406
2018-ar-joy-train-528,محادثة بسيطة بمثآبه حضن وشويه كلآم يخلق الراحه مِن الشخص المطلوب .. واحنا بخير 😴❤️..,joy,0.484
2018-ar-joy-train-529,لا شيء أجمل من إشراقة صباح هادئ يقول لك فيه من يحبك صباح الخيرفيغدو الصباح صباح الخير والحب والأمل والهدوء والنشوة وكل الأشياء الجميلة 😍 💙,joy,0.774
2018-ar-joy-train-530,@firstnamewaad يازين دوامي 😆,joy,0.219
2018-ar-joy-train-531,وحين يتعلق الأمر بحلمك كن أصما تماما و لا تفتح مجالك السمعي لأصوات ضحكاتهم الساخرة حتى تكون أنت من يبتسم فالنهاية 👌 🏿,joy,0.391
2018-ar-joy-train-532,@loma5657 لووماا المافيوزو كل سنه وانت بخير ورجولتك سابقه اسمك سنه سعيده عليك ياكبير والي ميعرفشي لووما اقسم بالله خسران كتير 💪❤,joy,0.578
2018-ar-joy-train-533,أولى به أن يأتي قبل #عيد جديد فما زال هناك #أمل,joy,0.391
2018-ar-joy-train-534,#بهجت_الساعاتي\nمثال الصاحب الي لو مسمعتش كلامه هتروح في داهيه😓\nولو سمعت كلامه هتروح في ستين داهيه 😂😂\n@AkramHosny \n#ريح_المدام,joy,0.281
2018-ar-joy-train-535,اللهم في يوم الجمعه أرزقنا حلو الحياة وخير العطاء وسعة في الرزق وراحة البال ولباس العافية وحسن الخاتمة اللهم صلي وسلم وبارك على سيدنا محمد,joy,0.328
2018-ar-joy-train-536,اللهم جدّد فينا روح التفاؤل والأمل ولا تجعلنا ضعفاء أمام ظروف الحياة.\n\n#علوان_الصيفان #التفاؤل,joy,0.453
2018-ar-joy-train-537,عايز أقول لحضرتكم اني اكتشفت أظرف مسلسل كوميدي في رمضان!\n#الجزيرة_الاخبارية\n#ضحك_مستمر\n#SayonaraQatar,joy,0.438
2018-ar-joy-train-538,كل عام وانت بخير وعيد سعيد وحياة مليئة بالافراح والمسرات ان شاء الله,joy,0.609
2018-ar-joy-train-539,اتمنى المزز يرسلون سناباتهم ديم قبل العيد عشان انا اصير سعيدة لما اشوف الجمال٣,joy,0.531
2018-ar-joy-train-540,فى ناس لو #ضحكت نفسى أحنطها من جمالها #مساكم سعادة,joy,0.734
2018-ar-joy-train-541,اللهم لك الحمد رضا الله سعادة دائمه #السعوديه_الثالثه_في_السعاده,joy,0.645
2018-ar-joy-train-542,@DvLZStaTioN #DVLZX نبغى تحية لخوانك من العراق والله احبك 😗,joy,0.469
2018-ar-joy-train-543,"#Birthday_HEM تونايت: يلي "" وجهك يعلمني معنى الفرح يحسسني إن الحياة بكبرها ضحكة ثغر""",joy,0.609
2018-ar-joy-train-544,بالفرح و السعادة احتفلنا بقدوم العيد مع ٱطفالنا الغالين فرع جرمانا وٱطفال روضة مملكة النحل و رابطة الغوطة الشرقية ( فطر سعيد ),joy,0.828
2018-ar-joy-train-545,#بهجة_أمل \n١١٨.كمية الضحك اللي قاعدة اضحكه مو طبيعي \nفطست ياربي ..للحد اللي وجهي صار حار 😅\n💕💕💕💕💕💕💕💕,joy,0.922
2018-ar-joy-train-546,كل الشكر للاتحاد الى طلع عينه فعلا كل الشكر للدفعة عشان طلعوا حلوين بجد كل الشكر للناس الحلوة الى خلت اليوم مبهج وخلتنا مبسوطين اوى 💜 💙,joy,0.734
2018-ar-joy-train-547,راحة القلب بحس شخص 💙 🥀,joy,0.406
2018-ar-joy-train-548,كمية احساس وطرب زي السياره لما تعبيها فل 😍 ❤,joy,0.641
2018-ar-joy-train-549,عنجد انت شخص كلمة حب قليلة عليك وكلمة طيب كمان قليلة انت مو بس #فرحة_رمضان انت فرحة كل العالم 😍 ❤ #تركا_علينا,joy,0.766
2018-ar-joy-train-550,غدا موعد زفافها ولم يتبقى سوى القليل ربي نور لها واجعل السعادة ملازمه حياتها 💍 🖤,joy,0.661
2018-ar-joy-train-551,@AsmaaAliSo اتس اوبرتيف 🤔 كده حلت عليا الطمأنينة والله يا أسماء 😂,joy,0.435
2018-ar-joy-train-552,إنني سعيد جدا بما أسفرت عنه دراساتنا من تطبيقات مهمة في #الطب والتي أسهمت في إنقاذ عدد كبير من المرضى في العالم #جائزة_الملك_فيصل_العالمية,joy,0.885
2018-ar-joy-train-553,#من_جمال_تويتر انو ادخل الوقت اللي ابيه واغرد باللي ابيه وم في احد يعرفني ولله الحمد مرتاحه 😎 😂 🌚 💔,joy,0.547
2018-ar-joy-train-554,سأدعوا الله ان يمتلى قلبك فرح ولآ يعرف الحزن لقلبك الطاهر طريق سأدعوا الله ان تتساقط دموعك ضحكا وان يحقق كل ماتتمني❤,joy,0.594
2018-ar-joy-train-555,صباحك #ورد ⚘⚘ ويومك #سعيد يا #ملكة_الاعلام ❤❤,joy,0.629
2018-ar-joy-train-556,@silentonly87 مدري ليش حسيت بسعادة لانك مكروف 🙊,joy,0.703
2018-ar-joy-train-557,وجهك ليّا شفته عن العالم كفى \nوش هالرضا يا سيدي وش هالقبول❤️؟.,joy,0.594
2018-ar-joy-train-558,"هاي مش فكاهة مهو نقد سياسي 😂 انت هناك منزل اشي ضمن كاتيجوري الفكاهة "" عأساس "" 🙊 🙊",joy,0.306
2018-ar-joy-train-559,صباح التوفيق والرضا والسعادة وراحة البال,joy,0.578
2018-ar-joy-train-560,قايله بنام وبقوم خمس ونص والساعه اللحين ثلاث وربع متى انام يعني 😗,joy,0.194
2018-ar-joy-train-561,@e2osama @ihalarady نسيت نفسي ايه ياعم انا مش لاقي كلبه اسكت 😂😂\nالساعة ١٢ ومص يا بيبي وي توقيت مصر حاليا عادي 😍,joy,0.359
2018-ar-joy-train-562,ي الهادي وعلى الحزن بادي ابتسم وخلك مبتهج وكون احسن من العادي غدا اجمل غدا افضل والعمر لسى ب اوله وباقي,joy,0.548
2018-ar-joy-train-563,وش معنى مجيد يساعد سرور سعد يساعده 😉 😂 😂 #شور_بيت7,joy,0.453
2018-ar-joy-train-564,مزاحمني شعور حلو كثيير 💙 💙,joy,0.797
2018-ar-joy-train-565,#اخترنا_السعودية ان شاء الله ما تخيب مساعي المملكة لما فيه صلاح وخير لها ولجيرانها الباقي على العهد والوعد فالمصير مشترك ولا عزاء لمن تخلف,joy,0.281
2018-ar-joy-train-566,عن الشخص اللي يخلي الإبتسامة توصل لين قلبك,joy,0.625
2018-ar-joy-train-567,الغريبه تحس ان الإرهابي شغال طول الاسبوع وبيقضي الويك اند تفجيرات 😀,joy,0.203
2018-ar-joy-train-568,#بهجة_أمل \n٨٨.اجمل حاجة في الحياة لما ماما تشوفني مضايقة من شي و تقولي أمل من علمني دايما انو اي موقف مو كويس حيعدي و انو اضحكي و استانسي😍💕,joy,0.672
2018-ar-joy-train-569,"بس حالياً قام أتأمل الفكرة شوي خصوصاً إن كلكم طلعتم بنفس الوقت أحس كأني أتعرف على نفسي\عليكم شيء جميل, أحس هذي لحظة حيوية مفعمة بالحياة شوي",joy,0.375
2018-ar-joy-train-570,الحماس كله مدريدي... بس القلب شوي شوي يقول بوفون بيستاهل 💙\n#هلا_مدريد,joy,0.406
2018-ar-joy-train-571,جواي طاقه كبيره وانبساط كبييير كتير\nشو اعمل مشان افرغ هالطااقه العاليه هاي !,joy,0.656
2018-ar-joy-train-572,#العيد #بهجة #فرح مسجد الصديق كل سنة والأمة كلها بخير ♥,joy,0.774
2018-ar-joy-train-573,كن شاكرا مادمت حياواعلم بأن الدنيا أيام تدوروقل دائما الحمد لله تعش دائما في سرور اللهم اجعلناشاكرين لنعمك راضين بقضائك متلذذين بذكرك 🙏,joy,0.563
2018-ar-joy-train-574,@nadinenjeim #عرس_عليا_جبل زواج الملوك 😹😍😍😍😍😍❤ شو بدو يصبرنا لبكرا,joy,0.548
2018-ar-joy-train-575,@79ixii المشكله في ضميرك مو الاكل\n اسفليه 😗,joy,0.234
2018-ar-joy-train-576,والله حنا شعب عظيم خفة الدم موجودة بكل أفراد المجتمع حتى المشايخ  😂❤,joy,0.641
2018-ar-joy-train-577,تحب الصراحة ستذهب متعة الكرة والتشويق والجدالات ونقاشات مابعد اللقاء هدف أو لا تسلل أو لا ستصبح كالألة مع لعب ألي,joy,0.21
2018-ar-joy-train-578,انتي كنز يجب المحافظة عليه,joy,0.391
2018-ar-joy-train-579,#ﺎلكبرياء ؛ ﺎن تبتسم وبداخلك #عزاء,joy,0.219
2018-ar-joy-train-580,دايم معاي مشغول ومع غيري فاضي نسئل نفسنا نحنا اش بالنسبه لك حب تسلية اذا ماتحبني خلك صريح وقلها لاتعيشني بوهم معاك وكل وأحد يروح بطريقة,joy,0.266
2018-ar-joy-train-581,"حكمة اليوم :\n\nعليك بصحبة الفاسد\n\nعند المصيبه تجده يبحث عن ألف حل 😄\n\nأما العاقل فـ يقول لك\n\nياما نصحتك من قبل ، لكن الحمار حمار",joy,0.219
2018-ar-joy-train-582,لا توجد سعادة دائمة في الدنيا ولاحزن باقي كلها فواصل لمراحل جديدة فابتسم لأجملها وتجاهل أتعسها وقل الحمد لله على كل شيء 😍 👑 ✨ #لنفسك #سعاده,joy,0.453
2018-ar-joy-train-583,بتنام بدري ع اكونت وتسهر لوحدها ع اكونت تاني وده قمة اللهو والمجد ميكس كده مع بعضه ظريف 🚶,joy,0.203
2018-ar-joy-train-584,17 | رمضان 🌙 ✨ ؛ يا الله دهشة جميلة ؛ فرحة بلا إنتظار راحة بال من حيث لا ندري و لا نحتسب,joy,0.672
2018-ar-joy-train-585,و احلف لك إني كل ما سمعت اسمك ابتسم وأشتاق وأحبك,joy,0.563
2018-ar-joy-train-586,#بحر #قمر #هدوء ليس هناك اروع من الخلوة مع الله #أحبك ربي ربي لاتجعل في قلبي سواك وارزقني الانس بقربك ولذة النظر الى وجهك ياحي ياقيوم ❤️,joy,0.547
2018-ar-joy-train-587,- عيد سعيد ياا اجمل اعيادي ☺❤,joy,0.694
2018-ar-joy-train-588,@almobarqa3a اي لاحظت التأخير بين التغريدات قلت اكيد مشغوله 😀,joy,0.344
2018-ar-joy-train-589,شاكس وعش روح الدعابة والمرح مازح واترك عنك التضجر والترح وابتسم فوجهك حين يشرق باسما تحلو الحياة ويملأ القلب الفرح,joy,0.453
2018-ar-joy-train-590,#عيديتك_مع_رغد_محمد٣ رغغدد ابيي افووزز الله يسعدكك دنيا واخره الله يخليكك فوزيني اتمنى افوز بجلسة ليزر جسم كامل 😭 💔,joy,0.5
2018-ar-joy-train-591,هابي بيرثداي 🎈 سنه سعيده يارب و كل ايامك حلوه مثلك ✨ ❤️,joy,0.797
2018-ar-joy-train-592,"انا وياك انكتبنا فسطور الراحلين لايرجعنا عتاب ولايرجعنا حنين ولا شوق لذكرياتنا اللي مابين فرح وأنين،انتهينا فدرب الحب وبنفترق سنين",joy,0.203
2018-ar-joy-train-593,لاتنتظرون احد يمطر عليكم فرح اذا م بذلت جهدك ع نفسك صدقني محد راح يجري ورا سعادتك وانبساطك هذا عيدك وهذي حياتك ✨ ❤️,joy,0.323
2018-ar-joy-train-594,شكرا لك على هذا الشرح الممتع والمعلومات الوافيه سعيده جدا انها كانت من نصيب الدكتور محمد أسلوبه الروائي لايمكن للذاكره تجاوزه,joy,0.656
2018-ar-joy-train-595,الليله #رافعين اعلمنا 😍 الليله ليلة #انتصار 💪 ووراك يا #مصري من البدايه 💚 والغربي مولعها #نار 😄 يارب العالمين رجعنا منصورين ❤ 💪,joy,0.641
2018-ar-joy-train-596,بوفون: عندما تشارك الفرح مع زملائك في الفريق وبوجود العائلة والأصدقاء في المدرجات وهم سعداء لك وتكون سعيدا معهم هو أعظم الإشباع #ASMJuve,joy,0.563
2018-ar-joy-train-597,اللهم الفرح والإبتسامة الأبديه,joy,0.516
2018-ar-joy-train-598,الليله سترتدي عروستنا فستانها الأبيض وسيبقى زفافها أجمل حكاياتنا ف يارب تمم فرحتها وأقر قلبها ب السعادة 💜 💍,joy,0.797
2018-ar-joy-train-599,"@efatxo @piunee ما عندي وقت ""لهم"" 😉 و مو شاغلة بالي بشيء و لا يهمني بس أحب أستفزكم بالحقيييييقة. بس انسي كلامي معك سار تافه باي 😘",joy,0.219
2018-ar-joy-train-600,لك الحمدلله ي رب العالمين متخرججه واخيرا شعور جمميل لا يوصف 😭 😭 الف الحمدلله #فرحتي_بنجاحي,joy,0.844
